arm,dataset,method,training_seed,selection_seed,selection_sha256,checkpoint_sha256,clean_acc,clean_ba,clean_worst_recall,clean_nll,clean_ece15,clean_aurc,corruption_conditions,corruption_acc,corruption_ba,corruption_worst_recall,corruption_nll,corruption_ece15,corruption_aurc,ba_drop
clean_selection_clean_train,organamnist,el2n_top,42,42,5d4805e886983e978361258878c7653cca597c4db7d33148315e6496679e8c8d,e2f43670979db54f61cc95b93b4556250c9a6d2f1d0a48a49266349099ed4046,0.6735290808864889,0.6913901969791906,0.18992248062015504,1.2709006466866957,0.17002304303678276,0.14654266355775095,65,0.5141964571596701,0.5218202898003381,0.08394290802652021,2.4278781949613673,0.30204866714922246,0.3292589533352842,0.16956990717885245
clean_selection_clean_train,organamnist,eva,42,42,68a8cfc54d31e71d1cc51d36a37da49cf2616e3d1942f957ea543c90926a09a0,df3a45630b3551c46b195da4c7fbb2d9d426562f2562858d3dc4416c5579ec1e,0.7112723590955113,0.7268574067088595,0.20445736434108527,1.040723009331707,0.14787408115508008,0.11377170559319529,65,0.5503811971581125,0.5501000676748701,0.08628410277773983,2.099758813662753,0.2664899085489676,0.26922603101514014,0.17675733903398938
clean_selection_clean_train,organamnist,forgetting,42,42,473d88fe3b6e4974473d0667041dbf81903d2b855af0ee28e089397c71496565,6211384d09b4d5a3f1be2cae6c855663c9357441699334ab9fbd10c7082a851e,0.7405782427719654,0.7528914396073042,0.31755725190839695,0.8997689916656635,0.11938010893669075,0.09115006809939899,65,0.5554020959353392,0.5568907553710984,0.11179840391286604,2.087618516783747,0.27052203312414214,0.2701206547083424,0.19600068423620576
clean_selection_clean_train,organamnist,random,42,42,2003a437b8ead58cb09be4a3d8fd78455fd2c1f7c52de5394b42eb65cc2b35e0,46d2dc62f848b3c6a16a16c0ff056870312ad4ba82af11f04bde402bc3a4355a,0.8674204072449094,0.8657468370321701,0.6371124031007752,0.49494484851252685,0.058293143670139685,0.024748075347750056,65,0.685057590626271,0.6768529117570805,0.32416221210010776,1.4793205133610023,0.18865983926942076,0.17352013342188805,0.18889392527508964
clean_selection_clean_train,organamnist,el2n_top,43,42,5d4805e886983e978361258878c7653cca597c4db7d33148315e6496679e8c8d,486f957ab3adac06b9f7e5b91c458301bd8225b4f7cb97131b91cf0db29b883f,0.6852851839352008,0.7037076170915776,0.18895348837209303,1.2075816892338982,0.16193424019321762,0.14407897616474724,65,0.5345734139861713,0.5427491901208699,0.09390106809944916,2.119694709118481,0.2761451564776345,0.3002097516651878,0.16095842697070772
clean_selection_clean_train,organamnist,eva,43,42,68a8cfc54d31e71d1cc51d36a37da49cf2616e3d1942f957ea543c90926a09a0,d8d305a4c6e5c5c5a34dd32a799342648772517315efbfdb9a86da173bb0562f,0.6959725503431207,0.7130762981618435,0.2010658914728682,1.0947363801833048,0.1608087298164742,0.13234018683440782,65,0.520090518099293,0.5282892907330259,0.07811328944405045,2.224582101088305,0.2939613763817403,0.2954439349122621,0.1847870074288176
clean_selection_clean_train,organamnist,forgetting,43,42,473d88fe3b6e4974473d0667041dbf81903d2b855af0ee28e089397c71496565,5cd140aa86c70d8ec4246c82178f3a138b7cd1f49283466b9c66682525b04140,0.7415344808189898,0.7495702813352678,0.3511450381679389,0.8705985362356425,0.12243463619093431,0.0957017104939818,65,0.5614536549062368,0.5588844288196215,0.13399471971978888,2.0829334520011007,0.26701095094363114,0.27285213649538725,0.1906858525156463
clean_selection_clean_train,organamnist,random,43,42,2003a437b8ead58cb09be4a3d8fd78455fd2c1f7c52de5394b42eb65cc2b35e0,f36cc79d85e01186522a61b43315d4adc0a06979db37b24ef59231001d79ee69,0.8673641579480257,0.8647856400696692,0.6744186046511628,0.48370766979792584,0.059135810818134696,0.025416005434364754,65,0.6382789445901157,0.6298451477634376,0.27423368206831805,1.8521030856419274,0.23137303597369077,0.21044285271694133,0.2349404923062316
clean_selection_clean_train,organamnist,el2n_top,44,42,5d4805e886983e978361258878c7653cca597c4db7d33148315e6496679e8c8d,ab9eae7b961903d8df926e9e49360062906835a30e7b6d58c2577c6698cd37f6,0.660985487681404,0.6809162405449289,0.14195736434108527,1.294979645868537,0.1844488527244008,0.1457193008509101,65,0.5182464065353029,0.5288971982678542,0.07214746648030405,2.2793687301415044,0.2939523744798555,0.2971993288187208,0.15201904227707475
clean_selection_clean_train,organamnist,eva,44,42,68a8cfc54d31e71d1cc51d36a37da49cf2616e3d1942f957ea543c90926a09a0,000d0aca3bb89665c2e4dcaa63601b0a9a1807ff699e1eefb923f323de338770,0.7195410057374283,0.7362246041296423,0.19864341085271317,1.1271776200343684,0.15454645395875713,0.11970270893093193,65,0.5566317921025987,0.562137093559042,0.09878217542108651,2.1018631810911046,0.2756236488862223,0.2765540190483723,0.17408751057060035
clean_selection_clean_train,organamnist,forgetting,44,42,473d88fe3b6e4974473d0667041dbf81903d2b855af0ee28e089397c71496565,7bd941d7767215a8b08b4a03acab58b3d43d00579da243689a635791ab32b2f0,0.716953538080774,0.7263227383100517,0.3374045801526718,0.9745888545673945,0.13943703183442246,0.10113893670162305,65,0.5424015853647983,0.5407069551477945,0.12864602088225072,2.1222083392156312,0.2808064952479948,0.28190246602543506,0.18561578316225713
clean_selection_clean_train,organamnist,random,44,42,2003a437b8ead58cb09be4a3d8fd78455fd2c1f7c52de5394b42eb65cc2b35e0,4b0334aa3b7d6e1f957df0893cd1d22b0b9bb4ef4406c17badbc3a07b77a8b30,0.8461019237259534,0.8475503503952769,0.6335877862595419,0.6035001385392194,0.07817749528467674,0.03708203481863893,65,0.6083811452356845,0.6003877510925936,0.24159687496289547,2.033519455637082,0.2596849039722958,0.24378553289296162,0.24716259930268336
clean_selection_clean_train,organamnist,el2n_top,45,42,5d4805e886983e978361258878c7653cca597c4db7d33148315e6496679e8c8d,bb95b293b91f93d287ab16dd9a6875be9a08177daa4dc889ff27d421cd5a09f6,0.6583980200247497,0.6781475326567735,0.19089147286821706,1.37730771857196,0.19277498899837597,0.17793434069120956,65,0.49502323528648196,0.5031093797474928,0.09671122928506477,2.5745516785301272,0.32262518107317256,0.3575669108637689,0.1750381529092807
clean_selection_clean_train,organamnist,eva,45,42,68a8cfc54d31e71d1cc51d36a37da49cf2616e3d1942f957ea543c90926a09a0,6a171d8a9f9ef7dbd0f99214096e1dce51ff8a8a552a06bf5e2f482edb78e63d,0.6780852739340758,0.6997283515358422,0.22093023255813954,1.3248069148486188,0.18753712849614187,0.16163762952398542,65,0.5157454762584699,0.520056389006404,0.08974009492838146,2.5544431885700023,0.31426556807772205,0.3284473137796833,0.17967196252943818
clean_selection_clean_train,organamnist,forgetting,45,42,473d88fe3b6e4974473d0667041dbf81903d2b855af0ee28e089397c71496565,1f4cf07b2494e5c71610959945c797165e09c4ddbfe1edbfde673b985e19d415,0.7312408594892564,0.7402471940274822,0.35063613231552165,0.9423862076129043,0.12824277665865463,0.09822742010072161,65,0.5628053687790441,0.5753628291565384,0.16220107977897452,1.9125011010326707,0.25513812515093237,0.25839924073968,0.16488436487094382
clean_selection_clean_train,organamnist,random,45,42,2003a437b8ead58cb09be4a3d8fd78455fd2c1f7c52de5394b42eb65cc2b35e0,478e18203b233c9a1541b2c122762ed3a0bcc68b0e9e342eba59eecc2c8e253a,0.8661266734165823,0.8660771239043527,0.6351744186046512,0.47838466311869277,0.0633025761496325,0.0263317558908713,65,0.6692437498377425,0.6638123125690683,0.3033685122791411,1.581354424086708,0.20505025912921604,0.18321047520404707,0.2022648113352844
clean_selection_clean_train,organamnist,el2n_top,46,42,5d4805e886983e978361258878c7653cca597c4db7d33148315e6496679e8c8d,2814e704ea396c721fc28495e0ce2dbc81da8734bdcb5a7b7185da08040e32c5,0.6956913038587018,0.7169068297910082,0.25290697674418605,1.1549173562132604,0.15481544634863098,0.12393596440783512,65,0.5103628512335904,0.5197335767931447,0.11658384670013595,2.31824507585423,0.3071189943340966,0.3177881493164416,0.19717325299786348
clean_selection_clean_train,organamnist,eva,46,42,68a8cfc54d31e71d1cc51d36a37da49cf2616e3d1942f957ea543c90926a09a0,eb6971e1fdb15b68d8d202944d5f877f21f1ff0de3974b0d9d97906077d13e29,0.6730790865114186,0.705376414261876,0.250484496124031,1.30162201137141,0.18301403652576967,0.15573945948419987,65,0.5239526813607138,0.5463771463981821,0.1130016276436158,2.388604607651666,0.3045800827647148,0.3249317689748644,0.1589992678636939
clean_selection_clean_train,organamnist,forgetting,46,42,473d88fe3b6e4974473d0667041dbf81903d2b855af0ee28e089397c71496565,b5b65c652dd0939aa6eccf411eabe61f34fba0b6a5381c90bbfe028d7ed41209,0.7168972887838903,0.7148977070423782,0.2544529262086514,0.9853101251529754,0.1400843946727755,0.10360846239983458,65,0.5547755653054337,0.5525430185161438,0.10907071896764971,1.9954711210650697,0.2645082574380565,0.2740974159926302,0.16235468852623436
clean_selection_clean_train,organamnist,random,46,42,2003a437b8ead58cb09be4a3d8fd78455fd2c1f7c52de5394b42eb65cc2b35e0,f8608da66cbfe5eef6aadeccd623c49d3dda4b6c48df0b3bf261671fac13dc38,0.8472269096636292,0.8490169066867034,0.5944767441860465,0.6028923751679968,0.07480017045261973,0.035921283014134636,65,0.6111572643803491,0.6091891159625332,0.24146261052723902,2.1378834559170596,0.264517918469377,0.24144902597627171,0.23982779072417015
clean_selection_clean_train,organsmnist,el2n_top,42,42,9fc0dd06c46e16a0a431c28ccebee016a474b7dfe5508162a92ab6c6ac4e68d1,47af428e2ceda4abed0e744a2624b250008f8b277827cb1204b6c0b4851cdee0,0.38812733658094484,0.4051181875671776,0.10369318181818182,3.115201678830713,0.39723790322612007,0.49213605931685267,65,0.31394933377486905,0.33710746428755384,0.058138697350371076,3.68670813302096,0.4500640001513629,0.5921650621429881,0.06801072327962376
clean_selection_clean_train,organsmnist,eva,42,42,ba18c1cd3910aba2b986c3d29f89649194e5f76c94e64061cf8467d57a053ed9,5d4ffc9bd8dbf3fe8a6d7cf8d8be4236283e40723551f1445945661dcf63c45e,0.4399003058796873,0.4475254711584389,0.1548974943052392,2.4898107778111203,0.35883738372824775,0.3916787637772031,65,0.36337286821029885,0.3761065505535348,0.12042429524952594,3.2000507975516275,0.41977570800003416,0.5028393779297745,0.07141892060490407
clean_selection_clean_train,organsmnist,forgetting,42,42,0142a4b9410290170b51b0fcfc2438bafb04f7c9ae6754d8bf1c647b8f04e9cd,094c079afec9ff71c0f374e13b421333ff0737d00390df954f3d095702954052,0.460858728899966,0.45107843697230954,0.1275626423690205,2.607424579510202,0.33130481772498693,0.41721000752464804,65,0.38074090857596016,0.3742518230580682,0.09216700492530744,3.2247537685368313,0.4006436310511595,0.5223456975507497,0.07682661391424134
clean_selection_clean_train,organsmnist,random,42,42,84d906a57a4f6d6d04aff732d7566e43afe2c3ac7490c8a5778cc72be3b7d194,6168461899b15249c9383b44fa09543a39a0881a5cb92f8d5d6101fb5d7b13c5,0.6299988671122692,0.6092420353351734,0.3097949886104784,1.686529020477476,0.22818818358024762,0.19809425680213708,65,0.5414192468910947,0.5264998005158827,0.21820794184788309,2.3232755039458257,0.2953998725825568,0.30342016477511713,0.08274223481929066
clean_selection_clean_train,organsmnist,el2n_top,43,42,9fc0dd06c46e16a0a431c28ccebee016a474b7dfe5508162a92ab6c6ac4e68d1,3cec3a7e6ea0e71cbe0c62a07e0c4efed007e6ad5635f12965246c1eb21c0552,0.3638835391412711,0.3931876872353236,0.12190082644628099,3.2909170728119466,0.4215770115972686,0.5619885433292958,65,0.3070143179580134,0.33633199507830075,0.0839272088171951,3.7319279265171144,0.4564523078037182,0.6345943599975996,0.05685569215702285
clean_selection_clean_train,organsmnist,eva,43,42,ba18c1cd3910aba2b986c3d29f89649194e5f76c94e64061cf8467d57a053ed9,da998881ab8e921a4371a930828bb5d11769d62d8e23bee54557983771c523ab,0.46505041350402176,0.4781324263093436,0.1867881548974943,2.372035532941802,0.3355101218637637,0.36356497299792584,65,0.3885386619724447,0.40419851330623474,0.10542639036845644,3.0603288487682985,0.39480920181479195,0.4793495933170374,0.07393391300310886
clean_selection_clean_train,organsmnist,forgetting,43,42,0142a4b9410290170b51b0fcfc2438bafb04f7c9ae6754d8bf1c647b8f04e9cd,da1eb7c6409dba1c5fe1e87cd5f28c1fa27f2b070392094460d6309747c58936,0.5128582757448736,0.47036374633151595,0.1366742596810934,2.636374085841446,0.32724159793579877,0.32766929978508874,65,0.3999651419159746,0.37851975851338276,0.07922281179665343,3.7479570858843565,0.4283127119858101,0.4746899630711905,0.09184398781813319
clean_selection_clean_train,organsmnist,random,43,42,84d906a57a4f6d6d04aff732d7566e43afe2c3ac7490c8a5778cc72be3b7d194,4462a3766143f1aa22763b334804cebffe2239ddb6eca292f7994bc82fc7e647,0.6191231448963408,0.6042462476470472,0.37073863636363635,1.646521077824057,0.23667020286967588,0.2101545029914405,65,0.516711836933883,0.5134911954465505,0.2557958925619763,2.336747299539383,0.3126987872347352,0.33629865928299185,0.09075505220049662
clean_selection_clean_train,organsmnist,el2n_top,44,42,9fc0dd06c46e16a0a431c28ccebee016a474b7dfe5508162a92ab6c6ac4e68d1,d2c945cbd57f200b1d03ddbf42b1e5a3d9a077260fffe2c4b5c90265fd1b7ab1,0.3818964540614025,0.37410930812070115,0.14296351451973194,3.271278947654628,0.4166202950537698,0.5180331277708689,65,0.3164068286986606,0.3225037023413443,0.0842650412294187,3.7818651154578973,0.460510077821847,0.6036208953326795,0.051605605779356856
clean_selection_clean_train,organsmnist,eva,44,42,ba18c1cd3910aba2b986c3d29f89649194e5f76c94e64061cf8467d57a053ed9,806ddeddab1b365d595209a52428a31dd8752d46be4d469077ce582db3ad8f89,0.48589554775121785,0.47191327949112766,0.1958997722095672,2.153121152659439,0.31022255842988483,0.3518036233143214,65,0.38298925499559916,0.3820888398929157,0.11852661904581067,2.870303036795497,0.39111514968654054,0.4932756729325546,0.08982443959821196
clean_selection_clean_train,organsmnist,forgetting,44,42,0142a4b9410290170b51b0fcfc2438bafb04f7c9ae6754d8bf1c647b8f04e9cd,08426ce034d0ce4b89865d77496a8767f688cd378ae61db4babeb5b34321bed5,0.4891809221706129,0.45596958753704586,0.1275626423690205,2.4042493542124435,0.3172865966931061,0.34335132144928127,65,0.3922179327413268,0.3688898565359721,0.07290835334366663,3.1673435219304236,0.39658289040648376,0.4728628968507494,0.08707973100107375
clean_selection_clean_train,organsmnist,random,44,42,84d906a57a4f6d6d04aff732d7566e43afe2c3ac7490c8a5778cc72be3b7d194,b7b70dd54e52108dc10b5d9d2d49bd1e791fe64256d82421c7d8934b62fafc04,0.6315849099354254,0.6096828181874241,0.36446469248291574,1.6864522732107252,0.23461385329393353,0.19886679597385762,65,0.5186081167048653,0.5111807805075309,0.22572892949295997,2.583755482261997,0.32619338497153166,0.33441625224175364,0.09850203767989318
clean_selection_clean_train,organsmnist,el2n_top,45,42,9fc0dd06c46e16a0a431c28ccebee016a474b7dfe5508162a92ab6c6ac4e68d1,6e1eb993896f63454c4a0040bb97faecc7d32e863e7679c18297ba6155ac1178,0.3510819077829387,0.3694025528104241,0.09659090909090909,3.3308676604769647,0.44004289213522807,0.5665706445806228,65,0.2917116190708578,0.31338781634904916,0.061098841564274774,3.873967730814609,0.4820280694695913,0.6450458610352907,0.05601473646137495
clean_selection_clean_train,organsmnist,eva,45,42,ba18c1cd3910aba2b986c3d29f89649194e5f76c94e64061cf8467d57a053ed9,7ed2f62a1532fc914ed5f97e67a52413e96ceb9bd2a14243d5dabbfbfea6494d,0.5044749065367622,0.49413138520108285,0.1845102505694761,2.1081409527084394,0.2859516974090787,0.32557254548530323,65,0.39384754816951484,0.3990157581974726,0.11675714300146853,2.878375372277392,0.3731510507471011,0.4740731282254987,0.09511562700361026
clean_selection_clean_train,organsmnist,forgetting,45,42,0142a4b9410290170b51b0fcfc2438bafb04f7c9ae6754d8bf1c647b8f04e9cd,a8ce348e9bd4f1789d5b012269c0644696303adac4ca0a0c3bf57df73f9d2d62,0.4709414297043163,0.4607160611365381,0.18906605922551253,2.7308906785739673,0.34968838257725865,0.36233277589208196,65,0.3778877743984802,0.37191787221604,0.11734465274970035,3.6193477230219004,0.4316570136549395,0.49902381501720144,0.08879818892049812
clean_selection_clean_train,organsmnist,random,45,42,84d906a57a4f6d6d04aff732d7566e43afe2c3ac7490c8a5778cc72be3b7d194,425e7ada5546fe3607f2b56d90bedada907ab87e750d1693dec44ceddca54fee,0.6268267814659567,0.6160511816788264,0.28551136363636365,1.7709721686378366,0.23609989480245985,0.20800263334815064,65,0.5220120086099467,0.5196693026850148,0.1817367841947106,2.5283818410764423,0.31854310874334313,0.32904103833160786,0.09638187899381168
clean_selection_clean_train,organsmnist,el2n_top,46,42,9fc0dd06c46e16a0a431c28ccebee016a474b7dfe5508162a92ab6c6ac4e68d1,cfd8d93ed99cc682f1134fcf99c187a52cda4425cbb0ae9589d7d581bef7212a,0.3731732185340433,0.39578237458986004,0.11363636363636363,3.070231263031561,0.4084587059775795,0.535897911300204,65,0.29809064844750804,0.3247661947626245,0.06041304947190245,3.6959907200744992,0.46480769726194565,0.6321746688623243,0.07101617982723551
clean_selection_clean_train,organsmnist,eva,46,42,ba18c1cd3910aba2b986c3d29f89649194e5f76c94e64061cf8467d57a053ed9,545368b5186a576bf3f895b227978817765dfd276fb6d421a46aa6aae824c17b,0.45870624221139683,0.46658723040419353,0.21184510250569477,2.2382364284800103,0.33517851051602776,0.38306527968086085,65,0.36323517877839845,0.37539818686337323,0.10784112178757725,2.9968881236644096,0.41220000524849504,0.5200564553862961,0.0911890435408203
clean_selection_clean_train,organsmnist,forgetting,46,42,0142a4b9410290170b51b0fcfc2438bafb04f7c9ae6754d8bf1c647b8f04e9cd,7309879d06784c327f8a6e893f94ce5bca1d167fb947cf66370a09dc03b9a403,0.5020958423020279,0.47627577732795723,0.12300683371298406,2.4506313265884065,0.32385436641720233,0.3245392062272505,65,0.4030291675018082,0.38234418538567044,0.07841402809902076,3.328065222642609,0.409130322803834,0.45974788212555157,0.09393159194228679
clean_selection_clean_train,organsmnist,random,46,42,84d906a57a4f6d6d04aff732d7566e43afe2c3ac7490c8a5778cc72be3b7d194,4064c3c744e62229a6311dc6d514bd19f53585e5f29dced000216ea51d1e8344,0.6328310864393338,0.6202201467498415,0.2840909090909091,1.7670845049296415,0.2264938833078253,0.20022216205895685,65,0.5236067659541094,0.5239103350405222,0.20123725475493842,2.6192382771351945,0.3153847207986016,0.32398744012473185,0.09630981170931929
