arm,dataset,method,ratio,selection_seed,training_seed,selection_sha256,checkpoint_sha256,clean_acc,clean_ba,clean_worst_recall,clean_nll,clean_ece15,clean_aurc,corruption_conditions,corruption_acc,corruption_ba,corruption_worst_recall,corruption_nll,corruption_ece15,corruption_aurc,ba_drop,worst_recall_drop
clean_selection_clean_train,bloodmnist,el2n_top,0.02,42,42,ea5d88f50e1daaf64d7895e26e2c4913348ad2b82111659ddb8be396cfbc8ab1,9b98b0ee1f10e49a538b3ecbfcda9b02f6df59a4dedb96358323192f97d0104b,0.548962291727565,0.5337750768308709,0.2763385146804836,2.0160276749726522,0.2877414893926288,0.2599515491343477,55,0.374648561026813,0.372731857738121,0.13018451873836606,12.110738700446731,0.502505168512304,0.5012782236418547,0.16104321909274988,0.14615399594211753
clean_selection_clean_train,bloodmnist,eva,0.02,42,42,b45fd73d078020ab78667221fc10d1d44e5274d652650e5c7eae615ed92c836d,b163e90381bdd6b8490d46d4bd49db2606fd48f84199d6f908629fdb95364208,0.7874890382928968,0.769713876633529,0.3903281519861831,1.0041793754252748,0.13567901290985832,0.06520372801405815,55,0.5352980255640296,0.5193326172614114,0.13179310124164315,7.701698182117965,0.38793052365458275,0.31589086110121056,0.2503812593721175,0.25853505074454
clean_selection_clean_train,bloodmnist,facility,0.02,42,42,56e77dd0c9877bde49e1514c00c9fc282a4246e7ad6efdd5a80228954f4d62d6,7b7e518fe899d609561427c8c220a810a3e6623038bdf9e64b5214fcac6c35be,0.8018123355743935,0.7997464333232671,0.5845070422535211,0.8410763500078258,0.12227070054545176,0.05999402610316821,55,0.5342616459833648,0.5547588089199916,0.2614798853198379,9.487622848429195,0.3776420978632017,0.354215997427708,0.24498762440327548,0.3230271569336832
clean_selection_clean_train,bloodmnist,forgetting,0.02,42,42,7cfc84cefce50747cebf4398d3531d2341bd6b380a7b90080ad59c223c577261,155deba24623f6820bdc68a698fd65616139aefbf866a30e2f24d6eb2faee069,0.7281496638409821,0.7154608438550489,0.28842832469775476,1.3748284661542591,0.18547040913161467,0.10684366342408147,55,0.4371183332890436,0.42555968891939905,0.07620657535418998,15.664455425201469,0.48240495563576624,0.39197210733102017,0.2899011549356499,0.21222174934356478
clean_selection_clean_train,bloodmnist,fps,0.02,42,42,b617e7045f5ef8968702c1e7fbe8301d8a61cfceab85f2026feffbf00f88526e,b302ba26ef94a8b2faeea1fa119892d562490a4a6dbc3d4f69635775161c2ea6,0.8099970768781058,0.8250160833930593,0.2452504317789292,0.9263149407091137,0.11745320003968654,0.054222408244942906,55,0.5732667215859265,0.5892463843170848,0.12966426155180397,6.599803661672426,0.34540188735628297,0.2990885240930526,0.23576969907597456,0.11558617022712522
clean_selection_clean_train,bloodmnist,graph_a2,0.02,42,42,4267937482656f1516a539283a929edac6d2a8c10959670a76bf006159007b8e,ec2973a9a0746a09c904f25b36bce5bb34754cdcdddffc9b5a7c7430269b4792,0.8415667933352821,0.8430514924619736,0.5630397236614854,0.6531406399897558,0.0841033491552381,0.039707916848998756,55,0.5136988121495576,0.5233091154109529,0.20854288815293498,11.106136980764733,0.410051848018126,0.3934851411740938,0.3197423770510207,0.3544968355085504
clean_selection_clean_train,bloodmnist,herding,0.02,42,42,5d0674feb3b744141e53150fb2a7afea278a296b22b88244ed98081b2f209105,1d759321fe130ed03513125ce6ab378f6f5ea844756b0f5992f4d328f3e717c4,0.8310435545162234,0.824584802915223,0.5734024179620034,0.8490624915219837,0.11225116308653298,0.05619087280072179,55,0.5861284579203316,0.5733504899478385,0.27054085674883555,4.956688758090238,0.3407957476273423,0.31576794466075453,0.2512343129673844,0.3028615612131679
clean_selection_clean_train,bloodmnist,random,0.02,42,42,78d885b50956e44df928c7c722881fcfdfce212151b0a0ce5ad8fc59d8ed889b,6b3c091af97df57037a6db40c3720c7936a4fa8813a91e03f6435b8660cb8dd7,0.8152586962876351,0.8135249252827752,0.46459412780656306,0.8190417052501391,0.11817034063231907,0.06375699168596267,55,0.6154659722037682,0.6083093030243191,0.2663556979046707,4.699452496426939,0.30816702310925753,0.2686160909832321,0.20521562225845613,0.1982384299018924
clean_selection_clean_train,organamnist,el2n_top,0.02,42,42,5d4805e886983e978361258878c7653cca597c4db7d33148315e6496679e8c8d,87933d9e404effa3d4e56b74115b86b55534d8736463cce7745de322f59387ca,0.6739790752615592,0.7004959123290555,0.21124031007751937,1.225999986003258,0.15643353324640402,0.14038256912761188,65,0.5276071549105636,0.5445227049731838,0.10348668996699584,2.1980862932923135,0.27396942860502294,0.3047645390754813,0.15597320735587172,0.10775362011052353
clean_selection_clean_train,organamnist,eva,0.02,42,42,68a8cfc54d31e71d1cc51d36a37da49cf2616e3d1942f957ea543c90926a09a0,08c08bc891fd6050fce6b2f50b8c6fdf8b379b71747e582ffdb6e90b4845857f,0.7175722803464957,0.7382008997307352,0.18459302325581395,1.205866459398299,0.16243584784973003,0.13617390359264503,65,0.5380833701117197,0.5433037066106128,0.08076617666058547,2.3649729511595816,0.3014966362543237,0.2864111210875773,0.19489719312012244,0.10382684659522848
clean_selection_clean_train,organamnist,facility,0.02,42,42,1544f30796a1fdd2e031dfca216e4628fb9cdcd17820eb1ad83d28da91ea14ec,09bffcb3424c66442032de0f563e3c2b0632f2bd529e5d58b9de9a3d95aa3a36,0.8549330633367083,0.861649811911077,0.6719961240310077,0.5469713077885684,0.07183199039841542,0.0359263446127279,65,0.6426473515234905,0.6437753933775345,0.2938268831410435,1.829733084473231,0.23347178187483994,0.2210788308846019,0.2178744185335425,0.37816924088996423
clean_selection_clean_train,organamnist,forgetting,0.02,42,42,473d88fe3b6e4974473d0667041dbf81903d2b855af0ee28e089397c71496565,9cc4f3e0f88ac84fb1894b9893e17147b1030f46994cbe4dfce5ae1e94518a09,0.7277534030824615,0.7448001120005415,0.3145038167938931,0.9532325937684462,0.1302556420541987,0.09565370742497768,65,0.5689754839602967,0.5786810168158135,0.1343988327684533,1.9743585779033923,0.2531992482000094,0.25653445248213813,0.166119095184728,0.1801049840254398
clean_selection_clean_train,organamnist,fps,0.02,42,42,c2564984a3c9e9105a23c9470930153bdfadfe48b65f43af08b0c7d3963f09bb,c8680b1bf569cc6350c5f3c9f89daf4ee78b2a8a4a418cae8eae633c1e58a944,0.8448081898976263,0.8477496136771024,0.6138565891472868,0.4831642991911295,0.06018227973795943,0.033595682764598754,65,0.6227212544458579,0.6133613183116849,0.20523808373640762,1.7899651858917962,0.23225870646304692,0.21734816308315522,0.2343882953654175,0.4086185054108792
clean_selection_clean_train,organamnist,graph_a2,0.02,42,42,bb06da757047a36ceace9b1c0f9ca72bace04fade6ee5be4d28d11c030422755,bd2a590b2dc3da9c51cc4bd6724182022f3859e842caf443f105a1712f410396,0.8738890763865451,0.8763980227487985,0.7073791348600509,0.46008826446462525,0.052715702547521705,0.031213115238575544,65,0.6461936533485639,0.6460122411399427,0.30127438613382945,1.6811915695062731,0.2196949673861775,0.21178232280478182,0.2303857816088558,0.40610474872622143
clean_selection_clean_train,organamnist,herding,0.02,42,42,da4203a08717e21690dad5db12816df767c6787ded4636070f912e79bc98c320,69bade30ccb0523bdd56686eeb6096d8b8d2c6e7154940e432321763b6d158c6,0.8677016537293284,0.8736533600274513,0.655470737913486,0.4748061932685965,0.06181480763870864,0.026644390616208026,65,0.6439557967063874,0.6423329079282283,0.277852242311705,1.8369941563342223,0.23284273822022483,0.2122448199902005,0.23132045209922303,0.37761849560178096
clean_selection_clean_train,organamnist,random,0.02,42,42,2003a437b8ead58cb09be4a3d8fd78455fd2c1f7c52de5394b42eb65cc2b35e0,664508972c88b1f551a59077b1e5a91e1eadba14db53ae1fa2e02584707c51d2,0.8605579930250872,0.8610483184305987,0.6690891472868217,0.49916179288469625,0.06416444475222444,0.029783233632781084,65,0.654972870531426,0.6515394586595354,0.2905082508710396,1.7122353485980144,0.21743734451561364,0.20590552339514256,0.20950885977106326,0.3785808964157821
clean_selection_clean_train,organsmnist,el2n_top,0.02,42,42,9fc0dd06c46e16a0a431c28ccebee016a474b7dfe5508162a92ab6c6ac4e68d1,72c4b70cac4048dc318b839705a6ffafec71a1eb736474a13b7a7ca284ac0d4e,0.34621049054038744,0.3746875700632582,0.07851239669421488,3.5694588016367703,0.4371820067385659,0.5618030090331126,65,0.29011860463089645,0.3200790118929593,0.05410629367071549,4.013583336460912,0.4769670092525622,0.6406512607354136,0.054608558170298915,0.02440610302349939
clean_selection_clean_train,organsmnist,eva,0.02,42,42,ba18c1cd3910aba2b986c3d29f89649194e5f76c94e64061cf8467d57a053ed9,62efccde054a88a4ddb52c2cb6645ac32742cd5a9ecc18e3c213de9521936b54,0.4464710547184774,0.45697158843838365,0.2072892938496583,2.3926317698042197,0.3412431791429815,0.3914954203154812,65,0.3655758991207048,0.3829323028810614,0.13466901610801793,3.092322836396712,0.4032914772132257,0.5043264579929893,0.07403928555732225,0.07262027774164037
clean_selection_clean_train,organsmnist,facility,0.02,42,42,03cc0c45cad7eb7fef040ceef47a50c0472fbea7e36a3ed903b404b76e780144,5ed7c9c5674c91943d87f18cb2433ed52961645718974cc037aa4866e56a0d8a,0.6296590007930214,0.6212456393699367,0.3564213564213564,1.4261490175224822,0.20132963737160375,0.1843172362172707,65,0.5233383587071136,0.5286041848127403,0.2638080842599894,2.111538474758818,0.2775328224059499,0.3168474148636787,0.09264145455719641,0.092613272161367
clean_selection_clean_train,organsmnist,forgetting,0.02,42,42,0142a4b9410290170b51b0fcfc2438bafb04f7c9ae6754d8bf1c647b8f04e9cd,0b957a94e48f15fdf737aee406e1badb5766189fdc428c0e1561247a175f19a8,0.43967372833352214,0.4254017282409708,0.14123006833712984,2.4587616381947184,0.33793980436226756,0.4062477666072536,65,0.36466436022344034,0.357254017271721,0.09585100874770061,3.041221011408846,0.3964472913083225,0.5203479554455224,0.06814771096924976,0.04537905958942923
clean_selection_clean_train,organsmnist,fps,0.02,42,42,f479747a06309ba64a239fefeb5d459a3ee55c01ee2408b1fb22c0e42dbbf7c8,254f30bce582afc56fa394b69661bf65e89b04b9b3c106bc6fc121797cc5c355,0.6222952305426532,0.6046748379837164,0.37373737373737376,1.5325899414458017,0.21923643946512594,0.20975729432528525,65,0.49852114578522194,0.4963643661969885,0.23071194693451796,2.2889660748442444,0.3062102522716056,0.365600134450825,0.10831047178672787,0.1430254268028558
clean_selection_clean_train,organsmnist,graph_a2,0.02,42,42,7edf294dc8b4a5e14a4789da0d77f55fb81186c85a6b0dc08a00ae34e4900aa1,55582178d983896370f52b61ece6913ba45b8f9e5d7d3ecd69af0ac8b8395d44,0.6473320493939051,0.6187521219139307,0.3362193362193362,1.5268225953371952,0.20689578926129748,0.1826493009617585,65,0.5243788725152723,0.5160897229131322,0.21433998534994683,2.3611153766392077,0.3000866771020658,0.326597586763237,0.10266239900079854,0.12187935086938936
clean_selection_clean_train,organsmnist,herding,0.02,42,42,eeb03be45479d333970d7e5abfc37b1762fac2acb35462043e1307c82a5a490d,b626306bcdf87f42a67989fbe11db41767307e12273704cc9a56e4041477b849,0.6579811940636683,0.6329856177590235,0.3325842696629214,1.4446180714337016,0.2050235923445075,0.16334358545816613,65,0.5336912096626608,0.5189620973930742,0.20140878899370518,2.28336395261149,0.3041597116066323,0.3017566272812094,0.11402352036594932,0.1311754806692162
clean_selection_clean_train,organsmnist,random,0.02,42,42,84d906a57a4f6d6d04aff732d7566e43afe2c3ac7490c8a5778cc72be3b7d194,584b8fc61818d2377c3daf3a144a290d133b822d90637cf4ac1210053eef1cc9,0.6183301234847627,0.5978550954144556,0.34517045454545453,1.7479620581545532,0.24148808563364665,0.20930655596313427,65,0.5044661920157558,0.49936223959374926,0.2101754881824588,2.5792962487113114,0.3255790195218953,0.3421365385651788,0.09849285582070633,0.13499496636299574
clean_selection_clean_train,pathmnist,el2n_top,0.02,42,42,f676a53573432631ecada53115a35bb1da17c3086bc788c315283b96eeb1226a,7e11ae161318145ca1106200de3e174cd272c5a60745e1b19267ebf7faf509ac,0.42952646239554315,0.4400684726098146,0.0,2.8679194706560316,0.39478284458430035,0.41898081377227103,55,0.28204102304380857,0.3067445562158624,0.0003219920575292476,3.866455057518975,0.5299776862953759,0.616924524440371,0.1333239163939522,-0.0003219920575292476
clean_selection_clean_train,pathmnist,eva,0.02,42,42,a3c2a355c6ab101f11d9043ea62263cb9f27969125ad3af02f31909b65717b01,515eb263f1c02a65d5f7f642c5d890eb1e1cd021a6e5aac2b67f25aee274bd85,0.6107242339832869,0.5807836860718544,0.0011806375442739079,2.196784760597774,0.29289460100212805,0.27884133226079166,55,0.44432767789313754,0.4353310338480921,0.0031008924002096836,3.4581467762664992,0.43619060599704307,0.506559499044219,0.1454526522237623,-0.0019202548559357757
clean_selection_clean_train,pathmnist,facility,0.02,42,42,7fd2768d063a53f7387c2463fbb957134b80be9e19e18dd149d236ee69bac0c8,cf02294dc7250820928020e1e6d8979162734d2363ae904da1ca67ec404ac196,0.8713091922005571,0.8263425029518308,0.4014251781472684,0.48484280442740874,0.0567600768215145,0.028172548941580992,55,0.5875538110914156,0.5641706024704382,0.16518931595653302,2.2133826879182545,0.3005272564860983,0.25365765408394414,0.2621719004813926,0.2362358621907354
clean_selection_clean_train,pathmnist,forgetting,0.02,42,42,ccdd82722d9c4d014a55d4400a8fbd500a6fc9d8d42264ddde9a57d4a0cbf585,e0810c42433217edcf64328b98f3ede5898336b69c46f50cebf420b3617d0b99,0.5423398328690808,0.5192193150715814,0.18181818181818182,2.1732142002975783,0.3299582341960878,0.32956211388931483,55,0.39434540389972145,0.37234120602964027,0.05596240331807229,3.375016428258679,0.4591264480097697,0.5330942697549171,0.1468781090419411,0.12585577850010954
clean_selection_clean_train,pathmnist,fps,0.02,42,42,dd7920f36eda4b9c935bf61218fefc6f1cd9e58863dbbf04c501864d86a9e3e1,77ed36dfc1ef1672ac3b5dc48b2a7f55319c0563b28adb260b22c7a8fb50959d,0.7905292479108635,0.7556004272152121,0.34679334916864607,0.719834682682842,0.09138821441275492,0.08009077069179071,55,0.5374246644720183,0.5170005998305088,0.14754504795906798,2.1847052874981383,0.29963441459087065,0.30538767412305046,0.2385998273847033,0.1992483012095781
clean_selection_clean_train,pathmnist,graph_a2,0.02,42,42,34f0f71ba7118d9ceb1b99e11f735e7180f87f999fdc205d5b2f3f394a81ad4d,95483b16631c207ef3c4b0a872b7d1de4c41f97bfee2c96fc051fa6355cd26e9,0.8637883008356546,0.8161838354712887,0.39667458432304037,0.5391120683023045,0.05688394554229166,0.03694258994273421,55,0.5844416307926057,0.5503047522166895,0.1730101427613974,2.5283801599065425,0.30792684474567067,0.26499539866958866,0.2658790832545992,0.22366444156164297
clean_selection_clean_train,pathmnist,herding,0.02,42,42,a4a509a40e3861310eeb1af24f9a602ad17fb1d862e4775ba018625d62a1eb23,450ed549cb902ec7da90a54ae5428ee5580093f54d27733d4e76306696c30819,0.8654596100278552,0.836883906509635,0.4323040380047506,0.6978740400628242,0.06635287801286308,0.044902846030435685,55,0.5566269941757407,0.5482093076086347,0.17653986115477555,3.029750586106674,0.3507496588226813,0.31386027011102174,0.2886745989010002,0.25576417684997504
clean_selection_clean_train,pathmnist,random,0.02,42,42,c6fbc4655e7cc4a91be2f8d4f49a94059d76a2d6a33a3a7bc6e4b4197890282a,5fc89913f04114bc6401548781bd2f97cb9bd5fd2d4254a6a90c7e1ed46ed798,0.8144846796657381,0.780798658754833,0.41092636579572445,0.993851320028268,0.09299464155206444,0.11287895480163679,55,0.5275614079513801,0.5134217768932781,0.15150821161279945,3.3052030379379422,0.3515174977638339,0.38279315036911715,0.26737688186155495,0.259418154182925
clean_selection_clean_train,tissuemnist,el2n_top,0.02,42,42,a2236a75996c147f64b2f5cd6bbb33ddf4ba46cf6a737145a8e1ec649101c528,67e92e754d1623367a4242919c02d5ff8ab10ae194fdb09eb353b3b0f1bb590b,0.08840947546531303,0.13605405434140508,0.043929949539922825,3.4725599839612062,0.5107883627966122,0.9101006223887188,40,0.09762267343485617,0.13571097653391948,0.02706816181346706,3.471329161087079,0.5098891907330687,0.9022303489956058,0.00034307780748560335,0.016861787726455763
clean_selection_clean_train,tissuemnist,eva,0.02,42,42,147e046758ee23b8998306b6e480fcf933252afc808080bb10b2324d30deaa45,9d58341ca5389d4f3f7b563aedf443aedd776d8c6c5e2e1740bbd82d090509bd,0.3560490693739425,0.39152792789401225,0.2565117045829212,2.2428593228501685,0.32398446716569906,0.5424126383165103,40,0.32383777495769883,0.3474173093386657,0.16032610854479756,2.4791169514565623,0.3654279016693597,0.5988085667323902,0.04411061855534654,0.09618559603812366
clean_selection_clean_train,tissuemnist,facility,0.02,42,42,ad7a6762847bb05c85de347d8d13e2dcc5a4d7590ae97b62882534cb449352a7,43dfdaa9ff962bfc384555140e38d03bdcf343a5c39bb2ee092782aae278e624,0.4890862944162436,0.4652228328028158,0.36229287953425887,1.7465141142219873,0.24843605234525631,0.3630308562877693,40,0.42070431472081216,0.4107588015045166,0.2275702607638487,2.079113940405849,0.308077713896106,0.46306122580502673,0.05446403129829919,0.13472261877041017
clean_selection_clean_train,tissuemnist,forgetting,0.02,42,42,6b2fec7a77c14d9342c34fe0306630081b412b19cf028f5da5df8e8769b3e89d,23c3e490f6425ae56d678388956cc387d2b8bfc4c6bc5b8ae900f564f8528f8a,0.3214678510998308,0.38290898900988146,0.24854923667529685,2.4648870401312446,0.38049865783382897,0.6275731125668816,40,0.30064826565143826,0.34545373645232674,0.16223480559733275,2.6033329737849575,0.4036729911444378,0.649688326510209,0.03745525255755472,0.0863144310779641
clean_selection_clean_train,tissuemnist,fps,0.02,42,42,e2f7a32f3376870959eed8feaf15fb134640916603913391c5a78b72e25487d8,710218bb89e80c624f3dbefbca0d0d7bfa0232aa9699482a06ef74c4cc664cab,0.3597715736040609,0.36323010603021677,0.2914811516770555,1.9413074560032475,0.24377731043725648,0.5369927177621272,40,0.33723614636209814,0.33256147157901594,0.20464918764958098,2.067157797823149,0.27078636574217746,0.5759004034376475,0.030668634451200827,0.08683196402747453
clean_selection_clean_train,tissuemnist,graph_a2,0.02,42,42,09f84ecddf49be0978a3bfd635ed6be2324627757cef5f42ff9702cc9548d16e,373c00f2fb26019ecf5bd7702f83f7ec1a8cda4084821914042418b6b8b3eaa5,0.438409475465313,0.43715401185262565,0.36835856337192047,1.6656539812540072,0.16766554141029488,0.4201933249360166,40,0.36688821912013536,0.371197100588749,0.2002348856119168,1.976854302511263,0.24522794178159915,0.5289593452819884,0.06595691126387665,0.16812367776000367
clean_selection_clean_train,tissuemnist,herding,0.02,42,42,99d88002eba5031a93c9b404583923203f9f8d91de85d6f95fd2d5461ed45559,a428fbdaabebf281e49820594b9e6eec156cb342696ae1a29621d54b9422901d,0.4693527918781726,0.4465560835337074,0.33287920072661215,1.7291959293689179,0.23998123587293518,0.37812111610938354,40,0.38923170473773266,0.3767088010677584,0.1897227478189722,2.1407423097242306,0.3172095411124067,0.49955289931203584,0.06984728246594901,0.14315645290763995
clean_selection_clean_train,tissuemnist,random,0.02,42,42,dc4d3cfd4ee5bb0209aa8b94bb1d6354898671fca4f55a387b58bf784a6d22d6,a4142561ddc6fe133b57766f6b9a6e66470bdb810552429aa8fb01619e09ca60,0.46622250423011846,0.45022544629452166,0.35647111509180474,1.7707876566709027,0.24731161251109465,0.38224875781111833,40,0.43164340101522847,0.41097720116504555,0.24031264969705868,1.9385609078109685,0.2772744741977481,0.43579558191560447,0.03924824512947611,0.11615846539474606
selection_corrupted_clean_train_pixelate_s3,bloodmnist,el2n_top,0.02,42,42,1629bf6735e636dde6ae1be6ad81c4f474122ca5d490e19ba2dd4962a9ae3fa4,4c67c9895b912ce8feb29fb9f691cd47fb93c6d8bf999f26fcb78afaf657b910,0.49576147325343467,0.4944070994088864,0.08808290155440414,2.9812203398324826,0.3336244260348343,0.34337016589202746,55,0.30618373149796707,0.32203863489634105,0.0380736014404594,33.64595018127846,0.5667545662072688,0.6092565398190376,0.17236846451254534,0.05000930011394474
selection_corrupted_clean_train_pixelate_s3,bloodmnist,eva,0.02,42,42,8d6fe58babd7d96eb9e8fe35ea43fba386b19cf7e3cbfc2363eee4c978e1395b,12df876daeecebc260c0647dc46b57219649dc061057b06b2072f6093f7a056b,0.7345805320081847,0.712605436178534,0.39723661485319517,1.2514432729551643,0.16687230248787155,0.11154892850625521,55,0.4685498658021312,0.4652407925230888,0.11697449056100578,5.733658497825298,0.42845927358991476,0.39394513479956056,0.2473646436554452,0.2802621242921894
selection_corrupted_clean_train_pixelate_s3,bloodmnist,facility,0.02,42,42,29e4aba510560a665f5c2497addae7a785376643cf771780126f0435272dfd4b,ac6a453e2a8655ffd1b89a90e8193a0ccaed80a1c9e42ce4cd1d8961d1c98555,0.8284127448114587,0.8252515133159539,0.5872193436960277,0.7665512441475603,0.1030666625959697,0.052293530235853376,55,0.6396003295155589,0.6338671996684798,0.29069408718282536,3.8509305645385337,0.26437238720577416,0.21261606147221965,0.1913843136474741,0.29652525651320233
selection_corrupted_clean_train_pixelate_s3,bloodmnist,forgetting,0.02,42,42,028959162a66ebf7ce812917f80bd07a20948f017350f6e4a1fb141579bfea0b,fe234c6cf970854e9835d4c99ff4595ae94be670edf68fadb3c3ec9052c4fb5a,0.664425606547793,0.6344427338217816,0.15025906735751296,1.9806221409614788,0.24243495203674414,0.14618770226223793,55,0.4465679891578752,0.4174390264725642,0.059829682410095376,7.528778429152118,0.47595558063960663,0.408951632117465,0.21700370734921742,0.09042938494741759
selection_corrupted_clean_train_pixelate_s3,bloodmnist,fps,0.02,42,42,cb8bb1d3f963311bfcb353371b5986032fca039f42099b958be1cf9137406fdf,00f54cf22ced4428a61ca33d5115d363ad99dea7bf79aff81ad7ee5dbbe728f8,0.7942122186495176,0.7961545150910596,0.40241796200345425,1.052889268253446,0.13057637115348608,0.07361547134371119,55,0.5054184050383992,0.5247296550749756,0.1688538706534131,10.551445250266624,0.4205314719296196,0.3955039454245154,0.271424860016084,0.23356409135004116
selection_corrupted_clean_train_pixelate_s3,bloodmnist,graph_a2,0.02,42,42,729364a7e48af5c52e5364626a330120d7d706f2cd17fd0e508ce2305ccc1671,07cd3ef6acefc9e52ceeb30642a398bc4fa4ba77d605540ea3d86768690d1155,0.8067816427945045,0.8018445226671786,0.5440414507772021,0.8453528662449685,0.12079206122114312,0.05169397251491747,55,0.5118599027397625,0.5174956472190751,0.18477488713117604,11.714447925328992,0.4058541781612898,0.3659374180872245,0.2843488754481035,0.35926656364602605
selection_corrupted_clean_train_pixelate_s3,bloodmnist,herding,0.02,42,42,92b508a9e4ee5a51f4d749727dad2cd3e6de82e1bf0fb831a911065da07ba3e3,4278aa61ec07cff5090675cce681d8cdd6bfd4f426355a08d9b631503422f589,0.8056123940368314,0.8054279522237683,0.5664939550949913,0.778017798342907,0.11004979982079209,0.0618283529928445,55,0.5482979458425234,0.5550657967245526,0.27833205469392575,7.168757720331432,0.3586531634650671,0.32142973605001257,0.2503621554992157,0.2881619004010656
selection_corrupted_clean_train_pixelate_s3,bloodmnist,random,0.02,42,42,78d885b50956e44df928c7c722881fcfdfce212151b0a0ce5ad8fc59d8ed889b,a2a758e64a0b2228e71b683188fb4e17cbac62f03e2ee1fb37fe9b065c493ff1,0.8289973691902952,0.824993264931674,0.614853195164076,0.7698072809218589,0.10660746363442182,0.05952789689005746,55,0.6117828386170977,0.6049435519487518,0.30804843942462085,5.625328133715905,0.30167741257308195,0.2696176975884769,0.2200497129829222,0.30680475573945515
selection_corrupted_clean_train_pixelate_s3,organamnist,el2n_top,0.02,42,42,5c5569efdfc8ce144f950903c41d76f3855cbda709fea845e7c2595e305aa9b5,e5ab3bebe0eae0cbf12106619d9a8efd04132579b60ff01239797c070170bb48,0.6570480368995387,0.6840265643125683,0.10125968992248062,1.4811416714962888,0.1844974775971598,0.13362848816291253,65,0.5021504538885572,0.5091945449764304,0.04393040286020168,2.572246028864804,0.3135126667551166,0.3154419477869128,0.1748320193361379,0.05732928706227894
selection_corrupted_clean_train_pixelate_s3,organamnist,eva,0.02,42,42,9cc03123daa4c6804d59a24cf1cc82717ba343ed0f39bd6a6edc7cb014a6d403,c90f31685780e56c590883ec56f787d7cf95bff03a69e92e92d9bab117039bec,0.7389470131623355,0.7395961348517808,0.2771317829457364,1.1513188307483784,0.1515504126792711,0.11354603701266776,65,0.5594208918542364,0.5521881917551633,0.11695306732448309,2.2975355042132484,0.2829008851100631,0.27932553929500625,0.18740794309661746,0.16017871562125335
selection_corrupted_clean_train_pixelate_s3,organamnist,facility,0.02,42,42,b77fe773383a6d7d0d69c4e70ffb50837a1ce4efa1c0921d223617ea3eacfde2,9c1eb2af8ac0143a20df07030fc2ffaafa616c0b21747a7a556d717e29508755,0.875801552480594,0.8834943778140508,0.6841085271317829,0.4433365769204803,0.053627564378283116,0.028893292821006115,65,0.6667566655416807,0.6712106949982272,0.3045956264607261,1.631097411468316,0.2091173713950357,0.19763934812515238,0.21228368281582366,0.37951290067105686
selection_corrupted_clean_train_pixelate_s3,organamnist,forgetting,0.02,42,42,d40a1cda28da11e0b833c49072d91180aa83edb4f5762889f64ff5a9d83946f1,b905a51d35ea7ae9b6461bf6de522e929893c23a2c3f635fcfdf811d430eb4ea,0.7032849589380132,0.7124064600896425,0.25726744186046513,1.1014654752784623,0.14972442083101814,0.11302531196260246,65,0.5313732616803828,0.5232162085616737,0.09886305934764796,2.2128563569458453,0.2911598078870752,0.2949139757689701,0.18919025152796876,0.1584043825128172
selection_corrupted_clean_train_pixelate_s3,organamnist,fps,0.02,42,42,ce7a90c16880b2569a8a087840cc78de01ef5f0abb194574f81666466993efee,0ea71bad5a648dcb34c23fe71b804aec5191750133f8f52d47b2f9c91727349d,0.8296208797390032,0.837705474398215,0.49806201550387597,0.5569005020674526,0.0713628242093018,0.038196152952377445,65,0.6331801621710498,0.6250292193671676,0.2030377243497222,1.6752422826764888,0.2205199897936093,0.1926768296862511,0.21267625503104737,0.29502429115415374
selection_corrupted_clean_train_pixelate_s3,organamnist,graph_a2,0.02,42,42,510354af883ff8b88c26b7e4dd7302963ebd05a2717f6fcc6fb2d07ffc97d39d,0365a19b9249707d93a93bea34ea24dce5f741f661997aa4d42f7c4adfc9fca4,0.8809764877939026,0.8825126691433862,0.7078880407124682,0.43659078091369313,0.04837724329590033,0.021915298128479123,65,0.6305450989554938,0.6185039994686741,0.2570738718376371,1.984823678156762,0.23866201342684126,0.2085442814170511,0.26400866967471215,0.45081416887483117
selection_corrupted_clean_train_pixelate_s3,organamnist,herding,0.02,42,42,4e5af40d076f3b28e121fd231b62cd679c82260f01cfdf0488d53e70f49b4c55,bd010ff70427aa1d31803edf79ae0d295004366082f4bc061f6149569854b57f,0.8607267409157385,0.8688560925388832,0.5813953488372093,0.5036077362142464,0.06826186091770592,0.028651155441620876,65,0.6517536800020769,0.6484073771750797,0.242953038635159,1.7126862071090825,0.22050696794122468,0.19954433545847006,0.2204487153638035,0.33844231020205034
selection_corrupted_clean_train_pixelate_s3,organamnist,random,0.02,42,42,2003a437b8ead58cb09be4a3d8fd78455fd2c1f7c52de5394b42eb65cc2b35e0,7bf7bb6843206849acd2ffa995cc338285c05675021864c2b082efefa68cc93f,0.863539205759928,0.8647500649580899,0.6419573643410853,0.5086259632323132,0.06652304372482105,0.028707384459283943,65,0.6339719791964138,0.6299931859553891,0.28593834639600396,1.9648679079396258,0.2393199132532749,0.23016961614163386,0.2347568790027008,0.35601901794508134
selection_corrupted_clean_train_pixelate_s3,organsmnist,el2n_top,0.02,42,42,c00f11592294402745353e03a124c099ad31a66023b44ff00c87d118557d07aa,83da769f45ecc4471951abdf1746a977576a1e175402e2bad1744f7813f00a98,0.4464710547184774,0.43022582774119306,0.09233060312732688,2.722973840612883,0.3577599693353495,0.37473269648125135,65,0.3656595585223658,0.3556122304527763,0.05297166650533058,3.519963125694486,0.42046098592723874,0.48856482432176945,0.07461359728841677,0.039358936621996306
selection_corrupted_clean_train_pixelate_s3,organsmnist,eva,0.02,42,42,8ce08ed67eba90618ff83b63ae74b2322517709fe222687d31ea7cdf0a38e91d,4f1e56dc3c46ceda8904637a3c4ee58eea70f1ba864051fdc67ebc326f0b8978,0.5050413504021751,0.4768423864364053,0.1717171717171717,2.4480453147242875,0.3254530625798714,0.3354128364763931,65,0.4172442941673711,0.40230451162226266,0.11476200420735284,3.237165206928319,0.40636236758192373,0.44636044595281005,0.07453787481414265,0.05695516750981887
selection_corrupted_clean_train_pixelate_s3,organsmnist,facility,0.02,42,42,315f3f025f69d24ed9bceae991636e7399eb258f52e8ab1e137944bd573aeb43,013dd9248ae5e5c0735c5e231fe7dd690f60c09931530638a39719ea803118ec,0.6495978248555568,0.6203234531835705,0.2911931818181818,1.4638364660260066,0.20101221624081927,0.1726272318666148,65,0.5285025838554784,0.5121744774838372,0.20581916625687896,2.303282351205792,0.2988861833866603,0.31762286472543494,0.10814897569973336,0.08537401556130286
selection_corrupted_clean_train_pixelate_s3,organsmnist,forgetting,0.02,42,42,deb2d3e796f18c16f23f99c5b1d32dd63548cdb713fcebb33dab8a87c529cffd,034d69b917b69526fb80c2b5b63b56f1ab4b1dcc8ea3557cbe068337ce8d09b0,0.4230202786903818,0.4223916697037152,0.1797752808988764,3.0209366256294627,0.3778982878176991,0.4391919727345549,65,0.35437425381913884,0.355302587024525,0.08530474790696621,3.553924819368538,0.4339813852696166,0.5397203459320705,0.06708908267919023,0.09447053299191019
selection_corrupted_clean_train_pixelate_s3,organsmnist,fps,0.02,42,42,6d9db5383e45a5922ffa4e19f56eaed894ea48415ac463071ec3cd11ae4cc433,716a3df467966d63dc8739e5862e3cf10da409f3a975ff4a2ae560cd6b880b8e,0.5941996148181715,0.5692454410096183,0.17604617604617603,1.710417794937271,0.23675846289815888,0.21846112660478684,65,0.4859966361948916,0.4781987644815355,0.1505147002374234,2.4085275904513574,0.31220160659611906,0.3507030826902109,0.09104667652808279,0.025531475808752646
selection_corrupted_clean_train_pixelate_s3,organsmnist,graph_a2,0.02,42,42,31f6a37e39f34b39c652b3f53a59d1fd78254f89ac532964b63b050e69e725b8,f9e9ede6b3077d9e87f9bc951a224d9c664b7a5e8dd2f7be24e2d36dc31e002d,0.6392885465050413,0.6105913701577542,0.2997159090909091,1.550768530472402,0.21575530372890056,0.20452417113806298,65,0.5131772272137063,0.49860657965682886,0.19133021731661562,2.432272462850997,0.31607227401070465,0.3475655938697708,0.11198479050092536,0.1083856917742935
selection_corrupted_clean_train_pixelate_s3,organsmnist,herding,0.02,42,42,74b85dc4e9ae255a6764d6f8f4c2204b085cb58ac35be7dd5a7a2ab060af7f3e,72bf424b3762e4aaa8c6a712f1bd46dc308280a0c48f2769c4463701396b4c67,0.6375892149088025,0.6223139916514833,0.3465909090909091,1.3983786807034186,0.21036217076478325,0.18237235939119584,65,0.5280145706791226,0.5200707209524293,0.21292318534837945,2.2072584176627856,0.2962578211203086,0.3151864886727047,0.10224327069905392,0.13366772374252966
selection_corrupted_clean_train_pixelate_s3,organsmnist,random,0.02,42,42,84d906a57a4f6d6d04aff732d7566e43afe2c3ac7490c8a5778cc72be3b7d194,19bedbb32fe659ec422926dca2639db34770681c08c6ec66178e4a241872e37d,0.6246742947773876,0.6040838483864701,0.34375,1.7141582347242883,0.23268212584821504,0.20277209662863369,65,0.534149593467595,0.5206276808552276,0.23311584357482948,2.45025093622979,0.30487417573165315,0.3116314633913041,0.08345616753124252,0.11063415642517052
selection_corrupted_clean_train_pixelate_s3,pathmnist,el2n_top,0.02,42,42,1b421d92e527dee343a37eecaebcd8e80495eb464fedca4fef8ec87b09c18430,401586ece430646b0854781e913a9263b14a753f4e3501d61a1598d45ea7f9a6,0.37813370473537605,0.3513171445019649,0.0,4.023647771857765,0.45666477454405974,0.5220953741784043,55,0.24240567232210686,0.23643745424901227,0.0,5.244577270503416,0.5775484083834012,0.7210736556517165,0.11487969025295261,0.0
selection_corrupted_clean_train_pixelate_s3,pathmnist,eva,0.02,42,42,216d03d296c3d6531be0f387f9f89c7d513dd6c7496d08b954b7b2882517963a,eb6a11067d4344d52a2edfefeb7be7c2289d91a34072d215e08e81ad7ef45316,0.6337047353760445,0.5841604601974973,0.0,2.835562378184329,0.27175623083015,0.3229396615586924,55,0.42208153963028616,0.39782668752037,0.0,4.29806900328591,0.46984126559939077,0.5254126433524506,0.18633377267712736,0.0
selection_corrupted_clean_train_pixelate_s3,pathmnist,facility,0.02,42,42,2aa696485a1cde6aa31771d92d15127d63b9aa20683cb2ad1b40c449b28f6e12,a7f25f149add288f83cfc078b0bf0286ac1d405297e0329c9171ecbec4fa4ab1,0.8080779944289693,0.7540044196359416,0.3182897862232779,0.7667870717610424,0.1059949128761431,0.06627134543719782,55,0.5147075208913648,0.4872939959539687,0.1356375738850069,2.8533697258132733,0.3664827047180876,0.337017077283805,0.26671042368197284,0.182652212338271
selection_corrupted_clean_train_pixelate_s3,pathmnist,forgetting,0.02,42,42,907e359ea2f494f1746edebad0d46fc4557bb8f1ff4fbc33d755101fbe174b2d,e58f4be34c0810d0f914c2d51b437a2bc25ede2c7e664d1c66e73769d3b0e843,0.5371866295264623,0.5032561566093312,0.19903381642512077,2.3679441614802945,0.3320988912477799,0.3308879258251836,55,0.39192960243099517,0.36322190633781076,0.05215709183460233,3.675644295358372,0.4682717848155401,0.501161807571859,0.14003425027152044,0.14687672459051845
selection_corrupted_clean_train_pixelate_s3,pathmnist,fps,0.02,42,42,0f21980075035592e76068a219b8bc15dd9034a7608a15d1ac8ba8b49247c8c3,5b25d948fe57964fb34212d216784e4950034b9f8a3d5b14986d7eaec834e856,0.731058495821727,0.7218912906290655,0.3657957244655582,0.9813684462513443,0.1183765907328275,0.1383661337810842,55,0.4769561914408711,0.48882197133225846,0.13142802883417642,2.799261085611641,0.3712125797457304,0.3776262226516517,0.23306931929680708,0.23436769563138177
selection_corrupted_clean_train_pixelate_s3,pathmnist,graph_a2,0.02,42,42,0c7a2abc3fb6e739935a7a615257e99d557a70bc73534e65a195343310c3d469,38f1e7dd6a589f634c9b8516d8314c1e7851a9838a99db6f4aec60666d7c94c4,0.831058495821727,0.7868011987509973,0.31353919239904987,0.6823489438516915,0.08196602533454683,0.04347121504841277,55,0.5400278551532033,0.5308539844449657,0.14883433323964468,3.2288634599912336,0.35690807889038534,0.30697721009022755,0.2559472143060316,0.1647048591594052
selection_corrupted_clean_train_pixelate_s3,pathmnist,herding,0.02,42,42,b529c5ccfc8e391c7651439934c3c60b36a89e6b81f66605538f030c786f9616,56f45c512da61271a4dd2759591bcd43628cbd3357aee448c7fb53a80fe033b8,0.8655988857938719,0.8144596567351282,0.40380047505938244,1.1987424249782461,0.07214633701654527,0.0847336774674572,55,0.5510534312484173,0.5198905273560155,0.1584367920164904,4.705639852087531,0.360588810030653,0.37366658368454975,0.2945691293791127,0.24536368304289202
selection_corrupted_clean_train_pixelate_s3,pathmnist,random,0.02,42,42,c6fbc4655e7cc4a91be2f8d4f49a94059d76a2d6a33a3a7bc6e4b4197890282a,a09668aa197472ce8b5fa55e0f8262e8cca344f86adbf4da136cdfbb173a66a8,0.8473537604456824,0.8277475693520173,0.42280285035629456,0.5792225517941822,0.06259415792638545,0.05335198827937697,55,0.5318916181311725,0.5209933096746105,0.16039570159632272,2.669369198097191,0.3409102787430994,0.32519854855386027,0.30675425967740677,0.26240714875997184
selection_corrupted_clean_train_pixelate_s3,tissuemnist,el2n_top,0.02,42,42,5a7f92cdc67062ee1dcfaa055b426a1f878c2469ef6e3baa52f7a2b3d283b680,a71767be33dce7411cc231e521bc3ded66b1d47d9518d26e1d11b76b67ba2196,0.14498730964467005,0.1997244442218775,0.10260468183316848,3.2797963584159513,0.48011585619306907,0.8490901659707523,40,0.14563821912013536,0.1875130402272715,0.055223136193818224,3.3539990133663418,0.4909935858337029,0.8477412653785633,0.01221140399460599,0.04738154563935026
selection_corrupted_clean_train_pixelate_s3,tissuemnist,eva,0.02,42,42,b1de0588e8243354708dac754451e33e07f9bda2bd96df1bbf6aa3151103e280,926745910b76e8ee0d40253e59f2cca83fd0861e82bd2a1284f2316214a730df,0.3535532994923858,0.3811420212593699,0.2989617408618973,2.2203518695646802,0.34281674942849505,0.5560225184827432,40,0.32650592216582064,0.3374899770120906,0.19695193835710315,2.4270477899346927,0.37448996069822177,0.6033392404022639,0.04365204424727931,0.10200980250479416
selection_corrupted_clean_train_pixelate_s3,tissuemnist,facility,0.02,42,42,e0b70c822c5c7f7f25bffe7bd2299255823d7cd52ff449b4d8e9ae8a5407731b,728cf5e18d030cbe640be30fa2a23076be6a75fd99fccbae1e971f7b1d13a9c3,0.44674280879864636,0.44109270283861246,0.37438423645320196,1.6450989137537015,0.16795496041437397,0.4082626505663913,40,0.3973339678510998,0.39358170861100283,0.24051310063404513,1.8472352419080351,0.21398373960903427,0.48165974281340534,0.047510994227609626,0.13387113581915683
selection_corrupted_clean_train_pixelate_s3,tissuemnist,forgetting,0.02,42,42,3f7336f0df3374a262b4532bfa47d38ed6ba1b4d6d5ca9e17479aec31f348120,a1fe2bddfd3bca59acae5bb8b5967f66cd5ab4f6e38117947fd03fe01bc45a44,0.393168358714044,0.404422831620345,0.24408534952236408,2.1221443054895532,0.3309385887566204,0.5248328972683898,40,0.3491449873096447,0.3488060030725226,0.16779878738851164,2.4286834651970555,0.37922559126276306,0.5850777562599054,0.055616828547822406,0.07628656213385243
selection_corrupted_clean_train_pixelate_s3,tissuemnist,fps,0.02,42,42,3dab599f47d335bb4405eda7157de7d582d23bd8e02dce3ceb22ab8e488d5a11,5447f74eb85c699fc13d905e848f6b4778745dcf88297ad5f04f1ac1049a913d,0.355160744500846,0.3629501395188551,0.27040664885722765,1.8087180707303154,0.13631904435780545,0.5400491910623525,40,0.31319321065989847,0.3154198504585227,0.16668309439902798,1.9807469998548801,0.1964060652827885,0.6092185932905081,0.047530289060332354,0.10372355445819967
selection_corrupted_clean_train_pixelate_s3,tissuemnist,graph_a2,0.02,42,42,0f04ebd7f91ae36b0dfbff1bdeba29dc356d049e31dce3d2571652949b20dd0d,5e56933a3997e6aef7276c00fb40bb976f948ca72b38eff82343a65de615fd1e,0.4450507614213198,0.44143357994880555,0.329700272479564,1.612759354504617,0.13535155526972212,0.4054734803813089,40,0.36616486886632826,0.3726341705654427,0.19202237421627216,1.9154782497615623,0.21583733016223997,0.524974237391637,0.06879940938336288,0.13767789826329185
selection_corrupted_clean_train_pixelate_s3,tissuemnist,herding,0.02,42,42,165621084403eaff166fd79d8565e1fe3898f65287e215a09cd1e33cd546e653,a9154706478365bdb5956ef16bf5aec074fc2dd15bdd1bd4936edf9274bd57d8,0.4423223350253807,0.4335526614997143,0.3694581280788177,1.8237690112941551,0.260382971947291,0.42273623199072574,40,0.40683375634517766,0.39648793855489994,0.24191454732026388,2.005233050094877,0.2935110372672718,0.4779629862902269,0.03706472294481433,0.12754358075855385
selection_corrupted_clean_train_pixelate_s3,tissuemnist,random,0.02,42,42,dc4d3cfd4ee5bb0209aa8b94bb1d6354898671fca4f55a387b58bf784a6d22d6,8f8259ec3c13df3d86e2a721b86103d3460067d3f053f0eef9ca14219644b299,0.45723350253807105,0.42481764243136344,0.3211635500148412,1.7098781169606707,0.21177047899910037,0.3923393765719983,40,0.40853637901861256,0.37960233191588205,0.20815432821112773,1.9427299934313744,0.2603659845265448,0.4657775214241625,0.04521531051548139,0.11300922180371348
selection_corrupted_corrupted_train_pixelate_s3,bloodmnist,el2n_top,0.02,42,42,1629bf6735e636dde6ae1be6ad81c4f474122ca5d490e19ba2dd4962a9ae3fa4,9865e95400fa48a0cc4ddc093177f147b79024d64e3953ecf0632c5971d46539,0.6249634609763227,0.6501317700177425,0.16234887737478412,3.800739157452242,0.2736559496031139,0.19622675073923168,55,0.4158964683372751,0.4140227587957711,0.0679456839306911,48.778494542997116,0.49223202315185205,0.4316874161507694,0.23610901122197137,0.09440319344409302
selection_corrupted_corrupted_train_pixelate_s3,bloodmnist,eva,0.02,42,42,8d6fe58babd7d96eb9e8fe35ea43fba386b19cf7e3cbfc2363eee4c978e1395b,f11887403d9b9894c33d33ec548f75ffc30e772eaf59e941daa30ae6fe8c5601,0.6629640456007015,0.6641024305321662,0.38341968911917096,2.498378455071037,0.2491851205001341,0.1852490881934971,55,0.3920437936807419,0.4062335557314789,0.1184190556853802,14.33986424186024,0.5346440749298784,0.5027954562802583,0.2578688748006873,0.26500063343379077
selection_corrupted_corrupted_train_pixelate_s3,bloodmnist,facility,0.02,42,42,29e4aba510560a665f5c2497addae7a785376643cf771780126f0435272dfd4b,bf70495d74f89c46f484112a0e8a63472953265e6e3ebd577d63d7959e7ee108,0.8368897983045893,0.8448188097602978,0.5595854922279793,0.9148104213577387,0.10736400440435452,0.04609385247148705,55,0.582540990141107,0.59563363045004,0.28599272905613465,12.570747851080368,0.3530335225276755,0.29332413652337574,0.24918517931025774,0.2735927631718446
selection_corrupted_corrupted_train_pixelate_s3,bloodmnist,forgetting,0.02,42,42,028959162a66ebf7ce812917f80bd07a20948f017350f6e4a1fb141579bfea0b,b180f46527fba6a4e659be0b8ab34fe9ab199fe8d462b1dd4e82573ad914753d,0.6968722595732242,0.6863405489134667,0.19343696027633853,1.8246230890182706,0.21599538403448043,0.16104713761280515,55,0.43788897451569186,0.4247088932910071,0.07307820063097206,10.153974827007382,0.49064044621819713,0.45023744573160385,0.26163165562245966,0.12035875964536646
selection_corrupted_corrupted_train_pixelate_s3,bloodmnist,fps,0.02,42,42,cb8bb1d3f963311bfcb353371b5986032fca039f42099b958be1cf9137406fdf,270421a1db50ba171842b4a8342de0a817b0f299145dedecd934838be6989a94,0.7389652148494592,0.7549192994610786,0.2711571675302245,1.4292080338419706,0.16633830130431287,0.08767853863624232,55,0.5512742154075098,0.5624616680278891,0.14318021390786156,4.9442140788873115,0.3493353109727085,0.2873192607700064,0.1924576314331895,0.12797695362236294
selection_corrupted_corrupted_train_pixelate_s3,bloodmnist,graph_a2,0.02,42,42,729364a7e48af5c52e5364626a330120d7d706f2cd17fd0e508ce2305ccc1671,a598de6d700c5033bfacc694e864de7381490bc5b77f84d8164f6505ce12283c,0.8234434375913475,0.8314983016899533,0.5785837651122625,0.7336332267699026,0.09887504404276234,0.04782010471700123,55,0.6040126491456512,0.6030737561429695,0.29531466629112807,4.220251486714054,0.3120880513942193,0.2628599737471999,0.22842454554698377,0.28326909882113444
selection_corrupted_corrupted_train_pixelate_s3,bloodmnist,herding,0.02,42,42,92b508a9e4ee5a51f4d749727dad2cd3e6de82e1bf0fb831a911065da07ba3e3,0221ff2682faef9a0af2da0948e06663cfb6ffd5a8d4a366680b798834f70d0a,0.8322128032738966,0.8366193147757903,0.690846286701209,0.7608161873692161,0.09890108922530738,0.053464967630024327,55,0.540782865190933,0.5526175632002793,0.3045193184012285,7.228528501983248,0.38888139741378486,0.36314591054882633,0.284001751575511,0.3863269682999805
selection_corrupted_corrupted_train_pixelate_s3,bloodmnist,random,0.02,42,42,78d885b50956e44df928c7c722881fcfdfce212151b0a0ce5ad8fc59d8ed889b,63d8d90032dc84015ce6402743a7ebd789c5fa372251b106797225d49c01b3c4,0.8021046477638117,0.8100612527192712,0.5457685664939551,1.177077383817174,0.12835238061603554,0.08164363704503963,55,0.5584385214317983,0.5521484930924082,0.2660806338019776,7.048419024786769,0.3666232830212215,0.3295504503719054,0.257912759626863,0.2796879326919775
selection_corrupted_corrupted_train_pixelate_s3,organamnist,el2n_top,0.02,42,42,5c5569efdfc8ce144f950903c41d76f3855cbda709fea845e7c2595e305aa9b5,0926d5a5b43b9e3fd8091ee41f2e4abbb44c6920ba710d07edf9afda519967fa,0.668972887838902,0.6926283771145451,0.1308139534883721,1.243823416222366,0.17460391407779904,0.13007167025181027,65,0.527514559914155,0.5305390461419218,0.05478867170304023,2.1922585843278855,0.2892620398536395,0.2841026074674772,0.16208933097262324,0.07602528178533188
selection_corrupted_corrupted_train_pixelate_s3,organamnist,eva,0.02,42,42,9cc03123daa4c6804d59a24cf1cc82717ba343ed0f39bd6a6edc7cb014a6d403,4efcde79f3b5acd01254764d44c8bb22183ae645c5ee34b7874a7b175343e654,0.6969850376870289,0.7019726623003283,0.21172480620155038,1.1720579174190222,0.15621105629382054,0.12517605273117435,65,0.5259923674030997,0.5231213596789663,0.09803459990556043,2.2472583163456705,0.28776272931297014,0.3109147937405421,0.17885130262136195,0.11369020629598994
selection_corrupted_corrupted_train_pixelate_s3,organamnist,facility,0.02,42,42,b77fe773383a6d7d0d69c4e70ffb50837a1ce4efa1c0921d223617ea3eacfde2,63c2094b445a37f8a1a0f0fc070bd2ff4090373b3784d485ad93d64137d54976,0.8722578467769153,0.8779466215469138,0.7361995753715499,0.4329604269136298,0.05072731234276571,0.02597383963242948,65,0.6686803914951063,0.6724396269989026,0.3433944843719167,1.6016796801391526,0.2061342753492188,0.19577060942991803,0.20550699454801125,0.3928050909996332
selection_corrupted_corrupted_train_pixelate_s3,organamnist,forgetting,0.02,42,42,d40a1cda28da11e0b833c49072d91180aa83edb4f5762889f64ff5a9d83946f1,2f4ae64eeba4a56b9f3214e9681ac857272fd25a31961486e961dc058e91fd6a,0.695635054561818,0.7055589537875161,0.14050387596899225,1.1899654559828412,0.15421705124301494,0.09908266679941083,65,0.5466843202921502,0.5419847557686022,0.06754094256877838,2.1513188053151486,0.2698104475857027,0.27509662906918514,0.16357419801891393,0.07296293340021387
selection_corrupted_corrupted_train_pixelate_s3,organamnist,fps,0.02,42,42,ce7a90c16880b2569a8a087840cc78de01ef5f0abb194574f81666466993efee,0c0a5b4d6f9f59f1782a530a0914afd4c80d3f9eddaf6cc314be6342445ea632,0.8637642029474631,0.8695491830304256,0.5770348837209303,0.4419857273426983,0.0569342444387326,0.02661367087500447,65,0.650460811547548,0.6442269189088912,0.2364342447907827,1.6176742627151568,0.21130496989412903,0.18389694293451744,0.22532226412153444,0.3406006389301476
selection_corrupted_corrupted_train_pixelate_s3,organamnist,graph_a2,0.02,42,42,510354af883ff8b88c26b7e4dd7302963ebd05a2717f6fcc6fb2d07ffc97d39d,8b40ba98a595d2a619b1cf2773e6946c0de8a7512e8cd27991e8bc085219417c,0.8798515018562268,0.8802250640299207,0.710941475826972,0.44682511182321905,0.048036783499462374,0.02215036895426654,65,0.6693631714218957,0.669804878224092,0.34512885325416365,1.6715447281379237,0.20376878990969086,0.18566711057658536,0.21042018580582877,0.36581262257280833
selection_corrupted_corrupted_train_pixelate_s3,organamnist,herding,0.02,42,42,4e5af40d076f3b28e121fd231b62cd679c82260f01cfdf0488d53e70f49b4c55,b1bd51a1d387705bac32101f7d4d1b69c77667ff3a99afc8197dc1d0a93d4414,0.8777702778715266,0.885845779424183,0.6196705426356589,0.4220889598064109,0.05181988811235434,0.02177583192947864,65,0.6823022404527636,0.6810958715153882,0.2841247463932677,1.5001561029219994,0.1997353505746976,0.17553613784319508,0.20474990790879477,0.3355457962423912
selection_corrupted_corrupted_train_pixelate_s3,organamnist,random,0.02,42,42,2003a437b8ead58cb09be4a3d8fd78455fd2c1f7c52de5394b42eb65cc2b35e0,7625b341ee95ca3e6076a557263577fd3268df5063a0d43582660d618f4b03c5,0.8605579930250872,0.8619794728092707,0.6595419847328244,0.5008639123208694,0.06405448862948157,0.030399797765330257,65,0.6393139316527774,0.634098293236491,0.27141276105798096,1.806348851454146,0.22858316653349847,0.21370906141113225,0.22788117957277965,0.3881292236748435
selection_corrupted_corrupted_train_pixelate_s3,organsmnist,el2n_top,0.02,42,42,c00f11592294402745353e03a124c099ad31a66023b44ff00c87d118557d07aa,adc16e4ce0f7386d0f2e2b534123f77b6009bd8261ada48c1d89c7b8eccbf4d9,0.42222725727880367,0.398088831655458,0.06626954579300075,3.054189388621263,0.38152936837999196,0.41230900246453106,65,0.33546548613955435,0.325028614633101,0.03802643726156756,3.803550386409719,0.4480659065107397,0.5417166834997575,0.07306021702235699,0.028243108531433185
selection_corrupted_corrupted_train_pixelate_s3,organsmnist,eva,0.02,42,42,8ce08ed67eba90618ff83b63ae74b2322517709fe222687d31ea7cdf0a38e91d,7009ac67df82b7c12f6cf111564618a3aace4331abb6b9ccadb73ee49b4837c8,0.4998300668403761,0.48838269898297265,0.1976911976911977,2.376471148295267,0.33090776010589795,0.32725264293417666,65,0.4062273967111398,0.4048075540364479,0.11643019289185838,3.3322591662311676,0.41970718661908923,0.4604446434847961,0.08357514494652474,0.08126100479933931
selection_corrupted_corrupted_train_pixelate_s3,organsmnist,facility,0.02,42,42,315f3f025f69d24ed9bceae991636e7399eb258f52e8ab1e137944bd573aeb43,fa5715116ec08a9435504cfdd7ed74b60bc17618072273d26b15c83da66d70f2,0.6089271553189078,0.5888905022150783,0.3338068181818182,1.6871205791542627,0.23972186820280433,0.2258150070565018,65,0.48888811426479944,0.48223341713986295,0.22873645159455658,2.567357835911125,0.33726214163357976,0.379864508757751,0.10665708507521537,0.1050703665872616
selection_corrupted_corrupted_train_pixelate_s3,organsmnist,forgetting,0.02,42,42,deb2d3e796f18c16f23f99c5b1d32dd63548cdb713fcebb33dab8a87c529cffd,d9b7d955095deb7178f01d62f1c8a7e00490d74b5a412d0dd13dd26d7f304d54,0.46437068086552624,0.43100230802120154,0.12300683371298406,3.144313856889589,0.3717498852393089,0.38978883566361905,65,0.3821160599907626,0.35466586458243715,0.07241204283735046,3.8518679607925153,0.44112319119635685,0.5060568864490417,0.07633644343876439,0.050594790875633594
selection_corrupted_corrupted_train_pixelate_s3,organsmnist,fps,0.02,42,42,6d9db5383e45a5922ffa4e19f56eaed894ea48415ac463071ec3cd11ae4cc433,469eee852788f003dafb72fdac94212f5615786b0fdc959d7e06e3c16aba9750,0.5823042936444999,0.5666185107772518,0.22366522366522368,1.8011968809156254,0.24921338647431795,0.2504467235569095,65,0.47693353434828456,0.4723478798214468,0.18256966800085336,2.4909836579513716,0.32575012088786015,0.372766911741189,0.09427063095580496,0.041095555664370315
selection_corrupted_corrupted_train_pixelate_s3,organsmnist,graph_a2,0.02,42,42,31f6a37e39f34b39c652b3f53a59d1fd78254f89ac532964b63b050e69e725b8,90fc456607d3f19526a0fddb2d24d911b2ca3dd5fc49286290c0641129f43099,0.6219553642234055,0.6001124836947558,0.31676136363636365,1.6783066880883866,0.23188082146066574,0.209305062406643,65,0.5147249261444345,0.5093404334686296,0.21861333330173516,2.4189075805340075,0.3138629809910558,0.335257917405912,0.09077205022612622,0.09814803033462849
selection_corrupted_corrupted_train_pixelate_s3,organsmnist,herding,0.02,42,42,74b85dc4e9ae255a6764d6f8f4c2204b085cb58ac35be7dd5a7a2ab060af7f3e,43cf727d031dc440eb9556b4b137b4519ad7fb77d9d2da0a97eb0796171f7476,0.6191231448963408,0.6175615973924644,0.3116883116883117,1.5810825975321834,0.2227572178440887,0.19485532632254365,65,0.508860053507159,0.5121353692081939,0.2338437092012352,2.358536960258576,0.3175130903824741,0.3275938693808945,0.1054262281842705,0.07784460248707648
selection_corrupted_corrupted_train_pixelate_s3,organsmnist,random,0.02,42,42,84d906a57a4f6d6d04aff732d7566e43afe2c3ac7490c8a5778cc72be3b7d194,f22fa221b795adbd330956de923debdd92daec80642a8082c61f56c484ca1816,0.6279596691967826,0.6093211494939776,0.3348519362186788,1.656371751154119,0.2306513146951945,0.20360126105738224,65,0.5122639454122404,0.49948285666751424,0.18215952442981798,2.4571415125120084,0.3163580681592588,0.33579039085738766,0.1098382928264634,0.15269241178886084
selection_corrupted_corrupted_train_pixelate_s3,pathmnist,el2n_top,0.02,42,42,1b421d92e527dee343a37eecaebcd8e80495eb464fedca4fef8ec87b09c18430,75aed7115111f0ffb62920181c242f684a1c2aa3cdf940aec46b5aab47aacc1e,0.40571030640668526,0.373275219592756,0.0,3.3618811977836875,0.38646546757901945,0.4669136942175117,55,0.2737325905292479,0.253540042109942,0.0,4.4330169434348665,0.5349504074444119,0.657865075186478,0.11973517748281398,0.0
selection_corrupted_corrupted_train_pixelate_s3,pathmnist,eva,0.02,42,42,216d03d296c3d6531be0f387f9f89c7d513dd6c7496d08b954b7b2882517963a,166f365ad3bd52699bf9bda011aa2ed91694e85b7b683043674d91ad0a784272,0.5895543175487465,0.5439413892206425,0.0,3.197101587421372,0.3183401275353511,0.4386373906881413,55,0.42889845530514054,0.39604182653876213,8.586454867446603e-05,4.231028191310692,0.4649984471066734,0.5921932889936684,0.14789956268188037,-8.586454867446603e-05
selection_corrupted_corrupted_train_pixelate_s3,pathmnist,facility,0.02,42,42,2aa696485a1cde6aa31771d92d15127d63b9aa20683cb2ad1b40c449b28f6e12,1b2ccb301ea58f1577f85a0f0115f3c109674ba76cca0ce398afcd3b57662a89,0.7827298050139275,0.7382774631082941,0.2161520190023753,0.8776521840583713,0.1017389048855949,0.09393051599988463,55,0.538875664725247,0.5189090114503035,0.12178465018298062,2.7351974241562673,0.3356663770561627,0.3069582960314128,0.21936845165799057,0.09436736881939467
selection_corrupted_corrupted_train_pixelate_s3,pathmnist,forgetting,0.02,42,42,907e359ea2f494f1746edebad0d46fc4557bb8f1ff4fbc33d755101fbe174b2d,53360417e5180b975873da1419c4adbce9156c8dbd8814e161cb468404ee25fe,0.45668523676880224,0.42160180830909305,0.10451306413301663,3.2061241665258398,0.41402968002851626,0.4791547012291846,55,0.32751835907824767,0.29974418040142886,0.03446685678546507,4.267027052985212,0.5323480859135459,0.6294232792776784,0.12185762790766419,0.07004620734755156
selection_corrupted_corrupted_train_pixelate_s3,pathmnist,fps,0.02,42,42,0f21980075035592e76068a219b8bc15dd9034a7608a15d1ac8ba8b49247c8c3,e538434fc4ac7cfc3d402b1ef27f790de8413578bb9ddfc80fd5d525fc59dc92,0.6844011142061281,0.6731419656287593,0.13064133016627077,1.2097838882122842,0.16620296184440508,0.17862847582750827,55,0.46870853380602684,0.47184977469438644,0.09816267193845737,3.023766847957613,0.37352165869257214,0.40760046903480535,0.20129219093437284,0.0324786582278134
selection_corrupted_corrupted_train_pixelate_s3,pathmnist,graph_a2,0.02,42,42,0c7a2abc3fb6e739935a7a615257e99d557a70bc73534e65a195343310c3d469,4e875a561d0b0440cb90980a7488307aa58e27eeaeea606ebd93214070cce9d8,0.8289693593314763,0.7892398424969279,0.30403800475059384,0.7285576502113505,0.07752303769163435,0.059365185251105894,55,0.5501088883261585,0.5262222968166731,0.18304854176182345,2.7652063335966153,0.33229686807362785,0.311700053434577,0.2630175456802548,0.12098946298877039
selection_corrupted_corrupted_train_pixelate_s3,pathmnist,herding,0.02,42,42,b529c5ccfc8e391c7651439934c3c60b36a89e6b81f66605538f030c786f9616,968ebf84e7b52f9b06e0ee6d6fc4192b0bbec261d4df09923ab15810a3ad3057,0.8178272980501393,0.7420559639511594,0.21140142517814728,0.8509883401730112,0.11095562607963108,0.0909509354702115,55,0.5483641428209673,0.5059784373949742,0.13580494949964345,2.836635955988657,0.34726490390601866,0.32200808502267175,0.2360775265561852,0.07559647567850383
selection_corrupted_corrupted_train_pixelate_s3,pathmnist,random,0.02,42,42,c6fbc4655e7cc4a91be2f8d4f49a94059d76a2d6a33a3a7bc6e4b4197890282a,adf6537b1cc5c139e865403dc0728159d25a0646324b71b8388dbb07f8ba3d4d,0.697075208913649,0.6550049943378543,0.2327790973871734,1.2790135492904104,0.19280015960294222,0.1553384157344539,55,0.46228918713598377,0.4506468730831101,0.14196373377271232,3.119832507895031,0.4015665522937338,0.4034489126842173,0.20435812125474423,0.09081536361446108
selection_corrupted_corrupted_train_pixelate_s3,tissuemnist,el2n_top,0.02,42,42,5a7f92cdc67062ee1dcfaa055b426a1f878c2469ef6e3baa52f7a2b3d283b680,b27880a88a3f90c321c09dd36f0f611e57bb90dee7453bd6ba65c0693831962f,0.15936971235194586,0.2264270679999969,0.0973293768545994,2.945610253001829,0.4134122651782637,0.8371667272237929,40,0.16725623942470388,0.1963976525250145,0.0460802059427959,3.1932602733296624,0.4494690488173679,0.8190488910258157,0.03002941547498239,0.0512491709118035
selection_corrupted_corrupted_train_pixelate_s3,tissuemnist,eva,0.02,42,42,b1de0588e8243354708dac754451e33e07f9bda2bd96df1bbf6aa3151103e280,b4d10cdc2a7a058eee7257e6a894a344fb0ab1fadbce708ab3d49ad65e9e3821,0.3158840947546531,0.3524135679076482,0.27238639407195786,2.1081791734053357,0.2986552640909168,0.6268300582883146,40,0.2954383460236887,0.3127269922629649,0.1783868956771076,2.2114289700981127,0.3137098452792063,0.653749625471939,0.03968657564468331,0.09399949839485025
selection_corrupted_corrupted_train_pixelate_s3,tissuemnist,facility,0.02,42,42,e0b70c822c5c7f7f25bffe7bd2299255823d7cd52ff449b4d8e9ae8a5407731b,ef26e7cef3fc93ff0792750b01fd6effb10f785b4d554fc83c36f0a8e6289901,0.43993231810490696,0.4422827514595282,0.3493570722057369,1.687454557955981,0.20065202246815622,0.4241626869648105,40,0.37604166666666666,0.37962105741729435,0.19738446470804338,1.9786271009751353,0.2663762886978311,0.5228256168954702,0.06266169404223387,0.15197260749769353
selection_corrupted_corrupted_train_pixelate_s3,tissuemnist,forgetting,0.02,42,42,3f7336f0df3374a262b4532bfa47d38ed6ba1b4d6d5ca9e17479aec31f348120,9ed8ee04a5d5759fcbc7bb1b1367901e3c7be0f24b3bf732af4a3cf14ea76e76,0.37942047377326565,0.39987932678287247,0.27407196700327124,2.291362228337671,0.37201883927517126,0.5454730472011068,40,0.35119130710659896,0.35456656662781383,0.17838764194764897,2.5035621077742443,0.39891458005604197,0.5826919064517797,0.04531276015505864,0.09568432505562227
selection_corrupted_corrupted_train_pixelate_s3,tissuemnist,fps,0.02,42,42,3dab599f47d335bb4405eda7157de7d582d23bd8e02dce3ceb22ab8e488d5a11,096a6b79e764352e66f7584ffe9245f195494876e5eb45ae795d4d016b67e3b5,0.34302030456852795,0.32401289039564435,0.23887375113533152,1.8436519361565118,0.1629140501299813,0.5586041928639071,40,0.31620452622673434,0.2945367123077231,0.1760906531246445,1.941219693122461,0.19244076295888962,0.6011954457424145,0.029476178087921245,0.06278309801068702
selection_corrupted_corrupted_train_pixelate_s3,tissuemnist,graph_a2,0.02,42,42,0f04ebd7f91ae36b0dfbff1bdeba29dc356d049e31dce3d2571652949b20dd0d,19b0787c250a7d54eaa54e8d95458eda629ef799a0977fd6e9e287de095b7db0,0.4362309644670051,0.42801113221346865,0.273841961852861,1.8066551134103268,0.2402779631521521,0.4307623933461634,40,0.3965519247038917,0.3940995954298506,0.21682302924253913,2.014011301451098,0.2814135413347899,0.48808414650219467,0.033911536783618024,0.0570189326103219
selection_corrupted_corrupted_train_pixelate_s3,tissuemnist,herding,0.02,42,42,165621084403eaff166fd79d8565e1fe3898f65287e215a09cd1e33cd546e653,b1576323a9820b8188398033d0a2b6064b04d67f4e1df7c4db3cbaf302afb463,0.4732656514382403,0.45527437104845736,0.34287011807447776,1.7468660381422942,0.2435284913607358,0.3825179847614215,40,0.4067354060913706,0.3973550539770324,0.21824315598101385,2.049475028364153,0.3005468470232353,0.4723425884189072,0.05791931707142495,0.12462696209346391
selection_corrupted_corrupted_train_pixelate_s3,tissuemnist,random,0.02,42,42,dc4d3cfd4ee5bb0209aa8b94bb1d6354898671fca4f55a387b58bf784a6d22d6,3ca3b1d7b25a7b6646dc1321aa5e6f243b3ae29bce9b0b4ccde1ad4f818a6a58,0.44219543147208124,0.4225179074868516,0.3006357856494096,1.740561810960167,0.2050231250485188,0.42978954474697273,40,0.4021737521150592,0.3801215631635648,0.22871746632935203,1.933569813531119,0.24934230670940397,0.4877041241448258,0.04239634432328676,0.0719183193200576
