arm,method,n_datasets,datasets,clean_acc,clean_ba,clean_worst_recall,clean_nll,clean_ece15,clean_aurc,corruption_acc,corruption_ba,corruption_worst_recall,corruption_nll,corruption_ece15,corruption_aurc,ba_drop,worst_recall_drop
clean_selection_clean_train,el2n_top,5,"bloodmnist,organamnist,organsmnist,pathmnist,tissuemnist",0.41741755907807354,0.4370162172348809,0.12200423419842814,2.630393183445984,0.35738564735170225,0.4582437126912124,0.31440760340938756,0.33595782147080916,0.06303353124941474,5.132038509761203,0.4586616966796667,0.5931697793777453,0.10105839576407165,0.058970702949013395
clean_selection_clean_train,eva,5,"bloodmnist,organamnist,organsmnist,pathmnist,tissuemnist",0.5836611353430199,0.5874395957537029,0.2079805622437701,1.8084643376151472,0.25124742161407937,0.2828254044998973,0.4414245495294581,0.4456633939879687,0.10213105899105075,3.819251539479464,0.378867428957707,0.44239930119167725,0.1417762017657342,0.10584950325271933
clean_selection_clean_train,facility,5,"bloodmnist,organamnist,organsmnist,pathmnist,tissuemnist",0.7293599772641848,0.7148414440717855,0.47532851607748255,1.0091107187936545,0.14012569149644835,0.13428820243250345,0.5417010964052393,0.5404135582170443,0.24237488588825049,3.5442782071970695,0.29945033450523917,0.3217722246129919,0.17442788585474123,0.232953630189232
clean_selection_clean_train,forgetting,5,"bloodmnist,organamnist,organsmnist,pathmnist,tissuemnist",0.5518768958451755,0.5575581976356048,0.2349059256644513,1.8849847877092494,0.27282454951559953,0.3131760727825018,0.4131503694047881,0.41585793309778013,0.10493072515714978,5.331676883311468,0.3989701868596611,0.4703274223047614,0.1417002645378247,0.1299752005073015
clean_selection_clean_train,fps,5,"bloodmnist,organamnist,organsmnist,pathmnist,tissuemnist",0.6854802637666619,0.6792542136598614,0.3742237791018582,1.1206422640064269,0.14640748881855664,0.18293177475774897,0.5138339865302246,0.5097068280470566,0.1835617055662757,2.9861196015459504,0.2908583252847967,0.3526649798375462,0.16954738561280483,0.19066207353558257
clean_selection_clean_train,graph_a2,5,"bloodmnist,organamnist,organsmnist,pathmnist,tissuemnist",0.73299713908334,0.7183078968897234,0.47433426848716664,0.9689635098695776,0.11365286558332877,0.14214124958561672,0.527120237585227,0.5213825864538932,0.21948045760200507,3.9307356778656035,0.2965976558067278,0.34516395893873797,0.19692531043583017,0.25485381088516157
clean_selection_clean_train,herding,5,"bloodmnist,organamnist,organsmnist,pathmnist,tissuemnist",0.7383077608430495,0.722932754149008,0.46532813285395475,1.0391113451312048,0.1370847353911095,0.13384056220298304,0.5419268326405706,0.5319127207891068,0.2232128994055987,2.8495079525733713,0.3091514794778575,0.3286365122710444,0.1910200333599012,0.242115233448356
clean_selection_clean_train,random,5,"bloodmnist,organamnist,organsmnist,pathmnist,tissuemnist",0.7149707993386684,0.7006904888354368,0.44925024210527364,1.1661609065977119,0.15282582501626985,0.15959489877892663,0.5468219687435117,0.5367219958671855,0.23177205965360542,2.8469496078970353,0.2959950718216697,0.327049377045655,0.16396849296825136,0.21747818245166828
selection_corrupted_clean_train_pixelate_s3,el2n_top,5,"bloodmnist,organamnist,organsmnist,pathmnist,tissuemnist",0.4244803158502994,0.431940216037298,0.07685557528747602,2.897755996443074,0.3625325007408945,0.44458337813706955,0.31240752707022645,0.3221591809603663,0.03803976139996197,9.6673471239415,0.4738540426213456,0.5964156465916,0.10978103507693171,0.03881581388751405
selection_corrupted_clean_train_pixelate_s3,eva,5,"bloodmnist,organamnist,organsmnist,pathmnist,tissuemnist",0.5931653860882251,0.5788692877847175,0.2290094620756001,1.9813443332353677,0.25168975160113183,0.2878939964073503,0.4387605027239691,0.4310100320865951,0.10912830008998897,3.5986952004374935,0.3924107505159028,0.4496766007604183,0.1478592556981224,0.11988116198561116
selection_corrupted_clean_train_pixelate_s3,facility,5,"bloodmnist,organamnist,organsmnist,pathmnist,tissuemnist",0.7217265850750451,0.7048332933576258,0.45103901506449445,1.0171220545217583,0.12633126330111782,0.1456696101854127,0.5493802135310365,0.5396256153431032,0.23545191088389647,2.49718305898679,0.2705684772629184,0.3093110188840035,0.1652076780145227,0.21558710418059798
selection_corrupted_clean_train_pixelate_s3,forgetting,5,"bloodmnist,organamnist,organsmnist,pathmnist,tissuemnist",0.5442171664833388,0.5353839703689631,0.20608419121286786,2.1186225417678504,0.28661902813797235,0.31082516201059374,0.41467801887960737,0.4015971462938192,0.0927906737775647,3.8799774732043857,0.4097188299749203,0.46596510353005405,0.13378682407514386,0.11329351743530318
selection_corrupted_clean_train_pixelate_s3,fps,5,"bloodmnist,organamnist,organsmnist,pathmnist,tissuemnist",0.660850390705853,0.6575893721293627,0.3425457053752584,1.222058816447966,0.13867865867031595,0.20173761514886243,0.48294892110102206,0.48643989214289196,0.16410348369475264,3.883044641772199,0.3041743426695734,0.38514573474862746,0.17114947998647073,0.1784422216805058
selection_corrupted_clean_train_pixelate_s3,graph_a2,5,"bloodmnist,organamnist,organsmnist,pathmnist,tissuemnist",0.720631186867299,0.7046366681336245,0.43897697309183864,1.0255640951974745,0.12044843777004259,0.14541562744223627,0.5123549905856988,0.5076188762709972,0.1948071367482691,4.255177155217909,0.3066667749302922,0.3507997481711822,0.1970177918626271,0.24416983634356954
selection_corrupted_clean_train_pixelate_s3,herding,5,"bloodmnist,organamnist,organsmnist,pathmnist,tissuemnist",0.722369914136125,0.7089220709297954,0.45354776323226204,1.1405031303065947,0.1442406280934235,0.15606435545676883,0.5371906768234636,0.5279844721525955,0.2269119236028437,3.5599150494571417,0.30590355996490504,0.3375580260311928,0.18093759877720003,0.2266358396294183
selection_corrupted_clean_train_pixelate_s3,random,5,"bloodmnist,organamnist,organsmnist,pathmnist,tissuemnist",0.7243596265422728,0.709278478011923,0.46890539197525943,1.0563384295266627,0.13603545402658873,0.14733974856587007,0.5440664816861783,0.5312320120699722,0.23913053184058092,2.9305092338827774,0.28942955296553086,0.3204789694198875,0.17804646594195073,0.22977486013467846
selection_corrupted_corrupted_train_pixelate_s3,el2n_top,5,"bloodmnist,organamnist,organsmnist,pathmnist,tissuemnist",0.45624872497053187,0.46811025327609973,0.09135235070215128,2.8812486826162775,0.3259333929636376,0.40853756897937554,0.34397306886898726,0.3439056228411501,0.041368199767618956,12.48011614609985,0.44279588515560225,0.5468841346660596,0.1242046304349496,0.04998415093453232
selection_corrupted_corrupted_train_pixelate_s3,eva,5,"bloodmnist,organamnist,organsmnist,pathmnist,tissuemnist",0.5530435124863012,0.5501625497887516,0.21304441741677538,2.2704376563224065,0.2706598657052241,0.34062904656706083,0.4097200718247621,0.40858625764972406,0.10227132174171623,5.272367777169177,0.4041644566495635,0.5040195615942408,0.14157629213902753,0.11077309567505915
selection_corrupted_corrupted_train_pixelate_s3,facility,5,"bloodmnist,organamnist,organsmnist,pathmnist,tissuemnist",0.7081473847038493,0.6984432296180224,0.43902019539789194,1.1199996338879967,0.14004082246073513,0.1631951804250227,0.5310053654585853,0.5297673486912806,0.2354585559827264,4.290721978452409,0.29969452105289357,0.33974863352758555,0.16867588092674177,0.20356163941516553
selection_corrupted_corrupted_train_pixelate_s3,forgetting,5,"bloodmnist,organamnist,organsmnist,pathmnist,tissuemnist",0.5385967411085273,0.52887658916283,0.16710654021892055,2.3312777593508422,0.3056021679640984,0.3349092777012253,0.4090798041966902,0.3951340521342578,0.08517713695404298,4.585550150774901,0.42656735019396896,0.4887012293958578,0.13374253702857217,0.08192940326487755
selection_corrupted_corrupted_train_pixelate_s3,fps,5,"bloodmnist,organamnist,organsmnist,pathmnist,tissuemnist",0.6424910260432156,0.6376483698586319,0.2882744712435962,1.345165293293818,0.16032058883834996,0.2203943203519143,0.4927163242672207,0.48908459075206734,0.1672874903525199,2.803571708126783,0.2904705646812319,0.3705558060445865,0.1485637791065646,0.12098698089107625
selection_corrupted_corrupted_train_pixelate_s3,graph_a2,5,"bloodmnist,organamnist,organsmnist,pathmnist,tissuemnist",0.7180901254938923,0.7058173648250052,0.43683331423581057,1.0787955580606372,0.1393187299693354,0.15388062293503602,0.5469523119484063,0.540508192016443,0.25178568477027785,2.6179842860867395,0.28868604634067674,0.31671384033329375,0.16530917280856233,0.18504762946553271
selection_corrupted_corrupted_train_pixelate_s3,herding,5,"bloodmnist,organamnist,organsmnist,pathmnist,tissuemnist",0.7240398351060288,0.7074714053184109,0.43529533685556093,1.072368424604623,0.14559246252442345,0.14871300922273595,0.5374089416126387,0.5298364590591735,0.23530717589527775,3.194666509903327,0.3107883178600421,0.332125318242899,0.1776349462592373,0.19998816096028318
selection_corrupted_corrupted_train_pixelate_s3,random,5,"bloodmnist,organamnist,organsmnist,pathmnist,tissuemnist",0.6859785900742824,0.671776955369445,0.41471547409640824,1.2707776815085479,0.1641762937184345,0.18015453126983577,0.5148958675495718,0.5032996158486177,0.21806682387836815,3.273062342035815,0.31249467534342334,0.35404058789389364,0.16847733952082738,0.1966486502180401
