dataset,ratio,method,n_seeds,training_seeds,final_ACC_mean_pct,final_ACC_std_pct,final_BA_mean_pct,final_BA_std_pct
Blood,2%,EL2N,5,"42,43,44,45,46",51.037708272434955,9.35949213365123,50.21169713312646,9.87563515178566
Blood,2%,EVA,5,"42,43,44,45,46",77.43349897690733,2.79819269131374,73.95068826107479,2.6512185723546002
Blood,2%,FPS,5,"42,43,44,45,46",79.1756796258404,1.7847328928229398,79.53706539187446,1.76070177918595
Blood,2%,Facility,5,"42,43,44,45,46",83.23297281496639,0.79533629255736,83.33243836344127,1.18133569942515
Blood,2%,Forgetting,5,"42,43,44,45,46",70.52908506284712,2.9983309238431297,67.88609546665695,2.4862566701778
Blood,2%,Herding,5,"42,43,44,45,46",83.28558900906168,2.2819455490657297,83.3693430162584,2.2425306219742698
Blood,2%,Random,5,"42,43,44,45,46",83.50774627301959,1.65826311614521,83.04863319885156,1.36974030091951
Blood,5%,EL2N,5,"42,43,44,45,46",74.73253434668226,1.23475519928461,75.88608856810289,1.9226286439237399
Blood,5%,EVA,5,"42,43,44,45,46",86.69394913767904,2.3521052489408003,85.01692757634129,2.79010215250011
Blood,5%,FPS,5,"42,43,44,45,46",90.57000876936569,0.9963515755227701,91.0369042416076,0.84199594092493
Blood,5%,Facility,5,"42,43,44,45,46",90.75124232680504,1.27207870344988,91.25576660004174,1.16977802970935
Blood,5%,Forgetting,5,"42,43,44,45,46",84.67699503069278,0.1830163793335,83.03204309165807,0.38046055830507003
Blood,5%,Herding,5,"42,43,44,45,46",93.00204618532591,1.54048801159236,93.26477706349272,1.35102453087657
Blood,5%,Random,5,"42,43,44,45,46",91.58725518854136,1.7987772062700702,91.89059131910194,1.61333654608594
OrganA,2%,EL2N,5,"42,43,44,45,46",67.48565642929464,1.96992875811178,68.7976591589873,2.42471111655851
OrganA,2%,EVA,5,"42,43,44,45,46",70.71774102823714,2.49943609874129,71.71258437042131,2.67458175514603
OrganA,2%,FPS,5,"42,43,44,45,46",85.29080886488919,1.41335243291363,85.71769217644002,1.2801526017169
OrganA,2%,Facility,5,"42,43,44,45,46",85.51918101023736,0.9663311610254299,86.06010264095457,1.02287775423491
OrganA,2%,Forgetting,5,"42,43,44,45,46",74.33569580380245,1.40660136908278,75.72800144784183,1.26643673441049
OrganA,2%,Herding,5,"42,43,44,45,46",87.25390932613342,0.6403779262776801,87.58618152679678,0.73453514360805
OrganA,2%,Random,5,"42,43,44,45,46",86.11204859939251,0.52524616377093,86.20453155532249,0.43719021091586
OrganA,5%,EL2N,5,"42,43,44,45,46",79.42175722803465,1.7000953348841001,81.38293799650236,1.51992252434229
OrganA,5%,EVA,5,"42,43,44,45,46",83.39858251771852,1.32476110461516,84.59202958138927,1.14878080647885
OrganA,5%,FPS,5,"42,43,44,45,46",91.61772977837778,0.61047204090478,91.39831762212084,0.59935605329575
OrganA,5%,Facility,5,"42,43,44,45,46",91.92935088311395,0.37538557335393,91.75292867105756,0.40178980096418004
OrganA,5%,Forgetting,5,"42,43,44,45,46",82.56721790977612,0.38306142867445003,83.8452884761286,0.26237790002349
OrganA,5%,Herding,5,"42,43,44,45,46",91.54798065024188,0.7415270373394299,91.50938523579056,0.66247598647703
OrganA,5%,Random,5,"42,43,44,45,46",91.18348520643492,1.06962885589417,91.0878840634694,1.03462814866249
OrganS,2%,EL2N,5,"42,43,44,45,46",38.21230316075676,2.05037031061809,40.64465857683771,1.6776628199704597
OrganS,2%,EVA,5,"42,43,44,45,46",48.93395264529285,2.13323993072523,47.55453916772293,1.88752684479386
OrganS,2%,FPS,5,"42,43,44,45,46",61.61323212869605,3.07272276919472,59.08400037262476,2.50109309738451
OrganS,2%,Facility,5,"42,43,44,45,46",63.34655035685963,1.80304696883621,62.64316240079598,1.59702739902657
OrganS,2%,Forgetting,5,"42,43,44,45,46",52.389260224311776,1.76762436364441,45.59468723915887,2.38931973835909
OrganS,2%,Herding,5,"42,43,44,45,46",64.90993542539934,1.23405747042508,63.015216548262906,0.98941327245183
OrganS,2%,Random,5,"42,43,44,45,46",64.404667497451,2.37562262190488,61.751654368522615,2.1228136588539797
OrganS,5%,EL2N,5,"42,43,44,45,46",52.946640987878105,0.97617853373228,52.84640813315833,1.1080621527032999
OrganS,5%,EVA,5,"42,43,44,45,46",66.49824402401721,0.68074204723191,63.17745322618089,0.8870480336045299
OrganS,5%,FPS,5,"42,43,44,45,46",70.17559759827802,0.96370731413062,67.27729571955112,0.85414835019499
OrganS,5%,Facility,5,"42,43,44,45,46",72.3076923076923,0.46947228425959003,68.59891956561964,0.5820174660502301
OrganS,5%,Forgetting,5,"42,43,44,45,46",60.09516256938937,0.69953409377302,54.036014319986414,0.9734626819274099
OrganS,5%,Herding,5,"42,43,44,45,46",71.7775008496658,0.76469502241546,67.84179975659546,0.90125502505455
OrganS,5%,Random,5,"42,43,44,45,46",69.94222272572787,1.20806422199687,66.61717190496606,1.12635235602575
Path,2%,EL2N,5,"42,43,44,45,46",37.72144846796657,2.6823261482409597,36.36396074905968,2.30770773176955
Path,2%,EVA,5,"42,43,44,45,46",52.97493036211699,4.71462971349844,54.68405804999358,5.59079368097131
Path,2%,FPS,5,"42,43,44,45,46",77.64623955431756,1.62156113362492,74.59850196896365,1.37475501929391
Path,2%,Facility,5,"42,43,44,45,46",85.57381615598885,1.9022591876891,81.09182115566891,1.7865212061688
Path,2%,Forgetting,5,"42,43,44,45,46",40.9275766016713,4.3615957880990095,40.98141165391309,4.40160432305002
Path,2%,Herding,5,"42,43,44,45,46",86.72980501392757,2.70064652826149,81.59876761708982,3.7359724718535
Path,2%,Random,5,"42,43,44,45,46",84.33426183844011,1.6944887495024,81.09622654936656,1.8838487775627002
Path,5%,EL2N,5,"42,43,44,45,46",53.08635097493036,1.61948432985629,53.160094502451386,2.40835875816679
Path,5%,EVA,5,"42,43,44,45,46",68.7966573816156,5.3882408165659,67.96711347245204,4.27365539107736
Path,5%,FPS,5,"42,43,44,45,46",85.2116991643454,1.32148410845979,81.86736130692462,1.54458032550746
Path,5%,Facility,5,"42,43,44,45,46",89.7883008356546,1.43995247044444,86.30417883263381,2.11232876411886
Path,5%,Forgetting,5,"42,43,44,45,46",60.11977715877437,2.33953440197463,61.085824243936436,2.60449970774929
Path,5%,Herding,5,"42,43,44,45,46",89.98607242339833,1.49813730710573,85.45004822105967,2.91641538539124
Path,5%,Random,5,"42,43,44,45,46",90.63231197771589,0.9619409251586899,86.91395052095915,1.85270143980135
Tissue,2%,EL2N,5,"42,43,44,45,46",10.1899323181049,0.5290722456477399,12.8239957655916,0.45760475173034004
Tissue,2%,EVA,5,"42,43,44,45,46",35.72969543147208,2.29099676746642,40.028731753559846,2.34360558895156
Tissue,2%,FPS,5,"42,43,44,45,46",34.85067681895093,1.7384735673306302,34.95131181248634,1.11650378664825
Tissue,2%,Facility,5,"42,43,44,45,46",46.7258883248731,1.40436826586865,44.88234668047395,1.40611877250251
Tissue,2%,Forgetting,5,"42,43,44,45,46",36.54187817258883,1.15717903482824,40.13925907283446,0.49944410544632
Tissue,2%,Herding,5,"42,43,44,45,46",44.65482233502538,1.59382266074324,43.62936111097186,1.02394076996192
Tissue,2%,Random,5,"42,43,44,45,46",42.95769881556683,3.87743678156087,42.2822434111227,2.92988182397947
Tissue,5%,EL2N,5,"42,43,44,45,46",13.915397631133668,0.46644225385195004,17.20930658979768,0.5554685557497799
Tissue,5%,EVA,5,"42,43,44,45,46",40.80118443316413,0.75102831370751,44.39799140802519,0.53501288478874
Tissue,5%,FPS,5,"42,43,44,45,46",37.50761421319797,0.7129437658785199,37.85964458414214,0.54301038165221
Tissue,5%,Facility,5,"42,43,44,45,46",47.26903553299492,0.48050822002631,44.47334182017977,0.7546168833514
Tissue,5%,Forgetting,5,"42,43,44,45,46",37.45642978003384,1.32260946068181,42.17719589292866,0.48555409313517
Tissue,5%,Herding,5,"42,43,44,45,46",46.98942470389171,0.8142436859862,45.38449192075274,0.49131582253054
Tissue,5%,Random,5,"42,43,44,45,46",46.972081218274106,0.8763489528448,45.616891710669,1.1751316433324
