"kind","path","bytes","sha256"
"audit-doc","COMPARISON.md","5048","17e823147e6c7b3b1075557920c571b66762449eacf7f258fcc19f804f3fa54e"
"audit-doc","README.md","2243","41337655d18bce49625e96c0c2059654228d3cdfee14592edd0a9f7d01cd335b"
"current-project","current_project\.gitignore","247","a04e093668e0094b5b404b053cb516a2943d37cc25b20b13b39c0b02e7a567e7"
"current-project","current_project\handoff.md","9296","889dc65eeaea7f99e7e38547fe8a87e99c43d2956d84bbd95c6372739a9a05a9"
"current-project","current_project\HPC_TABLE1_V11_EXECUTION_CN.md","10057","fea0709bd819456c6627e633bba92dd6e2484da607b715739c307f917d01ab27"
"current-project","current_project\organsmnist_repro_d74.slurm","6546","c5f828685d50894beb91fda88d4acc05cf9f463788955dde77a84eaf85bc7bc0"
"current-project","current_project\pathmnist_mode_probe_251.slurm","2000","c260cfaa36979e7da603daf1507e27265a48dcbf9c3c086df25729bae8dfbc9e"
"current-project","current_project\pathmnist_mode_probe_driver.py","6601","062fd20d8cc3f0ace8afb13af9d1e7bf7ea8e9e6cb770cb69042fa542bcbf1a0"
"current-project","current_project\README.md","3783","09eb9a5a012c37d885836a9330e93244cddd14d1bb430cbeb03ea1de1ad85f46"
"current-project","current_project\REPRODUCTION_DIAGNOSTIC_PLAN.md","15649","fc416803527b4d46393b605c2ef23cb1b90f589540c3982163bcbeffa6e980cb"
"current-project","current_project\requirements.txt","83","1ac49d8076125757bb7d1510c93c5add14fc913aedff3a160c21fb23a7d4bbf8"
"current-project","current_project\single_seed_method_array.slurm","3373","6fc1de871ef2879f82c7ded91c4712287b9650b863e7bcb8c1d00b945dae5a68"
"current-project","current_project\table1_author_single_seed_20260918.slurm","3830","83ab56443673271ea8fc989f27c653a205da0fe87f17f3598462372f594b6c46"
"current-project","current_project\graphcov\__init__.py","0","e3b0c44298fc1c149afbf4c8996fb92427ae41e4649b934ca495991b7852b855"
"current-project","current_project\graphcov\run\__init__.py","1439","77a447f3b2a1e989787117ab1c34ee6dbf4b8476a797c7114148ef1ede044cd4"
"current-project","current_project\graphcov\run\__main__.py","19063","37de54125ed1554cd007caba6cab8864d419cb92da416b63e8c05f84d4f78207"
"current-project","current_project\graphcov\run\compare_global.py","15050","eefc04584d60ec30ec3bdf65cd22a27ac25941f206dcfb39c71c444cfc9c7572"
"current-project","current_project\graphcov\run\compare_k.py","16983","1fdd97bbb2b30ac71e482f4e5662a747cc3487231e6ae3277e9177eb9501d8cb"
"current-project","current_project\graphcov\run\compare_selections.py","9300","73e33d476a8cc33762ff8af86e1e8bc5068834f3263614045ddef9d8a29248a7"
"current-project","current_project\graphcov\run\compare_sizes.py","15968","bccadc14db06a8e728780dbafc0f42d4e787ebedd14fefaa61aad2c914f04df9"
"current-project","current_project\graphcov\run\data.py","6307","f914973e0cff610a6ca710506bc88e31f634dbe896e5760ffdb3af5a36e6c168"
"current-project","current_project\graphcov\run\embeddings.py","34357","2602ac95b92d1b7be0b6ded5bf4222b7b5accd927ffb12cfd1dc83527d3ade12"
"current-project","current_project\graphcov\run\eva.py","19576","65ac55bafaf5a93757cb9496c215b876b1174b4f42c6c915fdf313b1d5162f07"
"current-project","current_project\graphcov\run\evaluation.py","20444","27dd53890c2c8d4217860e5685c9c3adcef3ea82d19a09e6e05624189c7d22bc"
"current-project","current_project\graphcov\run\experiment.py","47733","ab96f06795498419ba3326d454f5745549fbe9a721f7201c5cc06e7130540600"
"current-project","current_project\graphcov\run\graph.py","14560","0a1af50392875bd75c569348c1dafed9bd8bd0de748d23437dbbc09705bf62ec"
"current-project","current_project\graphcov\run\importance.py","13353","fd9a7b9f5907279a81cba6bb36919794f7bfb735f3e28edc4df67d80638be86f"
"current-project","current_project\graphcov\run\results.py","4754","c53f378ab581cb523f07b10750cb15a597429c81c8956f9950980564e1b98c38"
"current-project","current_project\graphcov\run\selection.py","76344","52a8b093c1e75f5369d8c24324effcc0b04f6ac574381412ac88cb932b8b3669"
"current-project","current_project\graphcov\run\timing_comparison.py","6482","beb3d4167aa8e6cfc26db89cae659cc0193f792ddc1d5b385b60963bdaa9c2df"
"current-project","current_project\graphcov\run\validate_kernel.py","9219","2b3816181725863cd261d8fe95d6d0980ef57e33a2a8cc5e07d55c5b09041b23"
"current-project","current_project\graphcov\run\visualize_datasets.py","6913","843aec5b91d5cb08f845842e92568c82c7b4c9697a35ffb894fcc726be8b98f8"
"current-project","current_project\graphcov\run\visualize_selection.py","9468","a9b4e0d497bf3c72dec5e959236ae0248975d3508ba9e02ffe96c54a579bfb57"
"current-project","current_project\reports\table1_group_meeting\build_notebook.py","60781","4974fc27c8dc2aebd3b7561afb67c6d5f56b236d4a909d64eaeeffc4dc6a6ed5"
"current-project","current_project\reports\table1_group_meeting\table1_reproduction_group_meeting.ipynb","1463238","d83e6caed8a1e183806182d2f29d298cfc48986779937fb3c9510f2db615940f"
"current-project","current_project\reports\table1_group_meeting\calculated_tables\delta_pp_table1_2pct.csv","770","d77b4b0eb34cf6c6e7e7793eba9b59a83eb646ced422b59576b44a0ca45d1e10"
"current-project","current_project\reports\table1_group_meeting\calculated_tables\delta_pp_table1_5pct.csv","770","75d09a68ecfe8d7b6afcff2dc1e68387b92d10684c63e0d516975e587d2c1476"
"current-project","current_project\reports\table1_group_meeting\calculated_tables\downstream_acc_ba_layer_a_2pct.csv","1150","0b3b811ad77a6db2845e1c7a647d92a7a55d8370fe3c99375e369716982ef4cd"
"current-project","current_project\reports\table1_group_meeting\calculated_tables\downstream_acc_ba_layer_a_5pct.csv","1150","9b7bbaeb6b76ea8ef6a09dfd834e26435c4a2af023b0d4b9dc348a4fac56692e"
"current-project","current_project\reports\table1_group_meeting\calculated_tables\downstream_acc_ba_layer_a_long.csv","7606","39d8923051e43410e2bd281297956ec85d27e553ea18b1ab2403d941a1ac82ca"
"current-project","current_project\reports\table1_group_meeting\calculated_tables\downstream_acc_ba_layer_b_strict_seed42.csv","9806","ff7c9acafc7e5e9203caebd57d36414317aad92a5e1e9b2817f317f06c682c56"
"current-project","current_project\reports\table1_group_meeting\calculated_tables\downstream_acc_ba_layer_c_path_graph_a2_by_seed.csv","2974","9de4c2c209ed4fd38d8ee166bb6c526c79468a0e794dee5dbb8fa059adc7477f"
"current-project","current_project\reports\table1_group_meeting\calculated_tables\downstream_acc_ba_layer_c_path_graph_a2_summary.csv","620","9526e46b619edb4058201103f637884116e7239721c19b3c6cd561d2e0ec0613"
"current-project","current_project\reports\table1_group_meeting\calculated_tables\graph_a2_k50_available_evidence.csv","1191","7bc19af24a896e9f3e612c412699c403e8514737ca70286af87f4f5476d304a8"
"current-project","current_project\reports\table1_group_meeting\calculated_tables\paper_table1_2pct.csv","625","b93ae87cd4c809d9a88ddeb8b95bfa1620f2f62e5dc178051e7df9ff0ba0cce0"
"current-project","current_project\reports\table1_group_meeting\calculated_tables\paper_table1_5pct.csv","625","a68831f70e8bb6bce87efe25f19f67e73009380b9e4c7af33a21e9a5eda2313d"
"current-project","current_project\reports\table1_group_meeting\calculated_tables\reproduction_final_table1_2pct.csv","625","9637029b2e64d6be07a61a5a9229e8e629dd1fe2d116680310bf386cb4b252cc"
"current-project","current_project\reports\table1_group_meeting\calculated_tables\reproduction_final_table1_5pct.csv","625","51b4a7cce6cf65414c49170330bfef28c3f8edf6b31844d93821e2547f7d2d87"
"current-project","current_project\reports\table1_group_meeting\calculated_tables\reproduction_final_table1_all_methods_k50.csv","1839","84eb597dc1e7dac3a712d222f079b87c7872524ace32caa8979d81b5081bee8f"
"current-project","current_project\reports\table1_group_meeting\calculated_tables\selection_files_all_layers.csv","80159","81c571126aa19f836e3ff4b1918036c48ea68eef8f1ef2dc0034607a8cf4ad5e"
"current-project","current_project\reports\table1_group_meeting\calculated_tables\strict_k50_graph_a2_seed42.csv","1590","f2aa45f0e05870459eb070149427d6d61f5894fdf7b681de6bae55a72faceb0f"
"current-project","current_project\reports\table1_group_meeting\calculated_tables\strict_k50_path_blood_all_methods_seed42.csv","11450","5aed6a458cc3b87745f6642267e58b01e4b8e51c6ba306cf831bf317504295a6"
"current-project","current_project\reports\table1_group_meeting\calculated_tables\summary_by_dataset.csv","528","0c3f7f4537b8fc80c7c5bc5724c3e61d58e9114808da9783c52deebb588eb8aa"
"current-project","current_project\reports\table1_group_meeting\calculated_tables\summary_by_method.csv","643","4e2e2256a2c03d9b7a43449bc36c5cd7f80ac479a059240700c83c3d90efe11f"
"current-project","current_project\reports\table1_group_meeting\calculated_tables\table1_comparison_long.csv","15391","24075b3beacfdf589e0b4c4f288d153ff1990323b2d449b37f4f45843c59cd20"
"current-project","current_project\reports\table1_group_meeting\calculated_tables\table1_style_available_evidence.csv","3183","059b0088ba1bcdc819e18357726137f30948e0d9b9357e70bcfd3f82b1bad424"
"current-project","current_project\reports\table1_group_meeting\evidence\layer_a_job1_select_array.slurm","1651","61828553d73791ae5e7b1a3c95d5c9618d672d50c999f901ed4fb6e96b3a169b"
"current-project","current_project\reports\table1_group_meeting\evidence\layer_a_job2_downstream_array.slurm","1458","fcdd97840c57e0f79dd0bdde6b7b213534ade893eae29be6dd716503aa8dcd25"
"current-project","current_project\reports\table1_group_meeting\evidence\official_vendor_manifest.json","3187","086f6a46e786084aca6c8b7db8ae4b529b2809acf3a866ee59ea8d048dd0f5e1"
"current-project","current_project\reports\table1_group_meeting\evidence\paper_table1_transcribed.csv","2652","06e7cf8bcfe478957b2c4c0a80db354ec1d4f6739ef0a3654ae49c209e8ae888"
"current-project","current_project\reports\table1_group_meeting\evidence\public_k10_382run_summary.csv","19624","df21e13e6685b0dc9bba1a84d403d064b6c0bb82fee23c86ffd43b3aa7fd9ee0"
"current-project","current_project\reports\table1_group_meeting\evidence\public_k10_382run_table.md","1851","8edb34d4679a143e36f5add1b55664c86012ea41f17005d71e6886273078cec4"
"current-project","current_project\reports\table1_group_meeting\evidence\public_k10_394run_per_condition_mean_std.csv","19665","485442f63bf0a315a510817548ea58eb3fdadfad1c80b7654902d9efb0c90bbd"
"current-project","current_project\reports\table1_group_meeting\evidence\public_k10_394run_raw_result_count.json","49","fc0426ce2b75631c1ac3e837df1446968220bc0dfb72baf1c5ae2bf22dce988d"
"current-project","current_project\reports\table1_group_meeting\evidence\public_k10_394run_table1_reproduction.md","1852","16f16396143eba1535c3f79abe759b8f89e63e1a25220b45bba4f6b87b6ecf8a"
"current-project","current_project\reports\table1_group_meeting\evidence\public_k10_job1_config.json","2989","918412000d880aecf11bed80b0bf0d4db9f36ff5bf52376cfb70c6b016ad98b4"
"current-project","current_project\reports\table1_group_meeting\evidence\public_k10_job2_config.json","1333","4f8360a022540b420a9e26e68b3acff35acfa28bd20e0275e6e176c224465ac9"
"current-project","current_project\reports\table1_group_meeting\evidence\strict_job1_path_blood_pilot.json","2862","777a6f2335d17dd74461c59f9b47760596e6857d50e3e7df88c8440a41ba461a"
"current-project","current_project\reports\table1_group_meeting\evidence\strict_job1_path_blood_pilot.slurm","1617","771d38ff6b989dd0223567d5b0942f569cf89364f3ab01f7cb62afa0a556183c"
"current-project","current_project\reports\table1_group_meeting\evidence\strict_job2_path_blood_single_seed.json","1474","fbb02fef7970b1ae7b5d93dbfeb842fec70349b5fa458c3e368fdeb68965f007"
"current-project","current_project\reports\table1_group_meeting\evidence\strict_job2_path_blood_single_seed.slurm","1483","46a29928881fbb8ca50caf1c348ca39cbb36045985b01746e6ed349598cd4e63"
"current-project","current_project\reports\table1_group_meeting\evidence\strict_k50_path_blood_seed42.json","60579","9dbc1ff10c6ab2b5e1106e9ef7c37d5f7f3e33a17711df26d6b090ce0ea376e2"
"current-project","current_project\table1_clean_only_20260922\clean_clean_test_inventory_20260922.csv","42468","b8cff6dfef35efa865650c638b390fdb86ca9a8b5ec64c9c38a46451606eefc9"
"current-project","current_project\table1_clean_only_20260922\formal_results_snapshot_20260922.csv","112687","e36733929c0ff9df8d15848ae94d50b54e24aedae7921d00f3ef043f82043336"
"current-project","current_project\table1_clean_only_20260922\PAIRED_SEED_PLAN.md","722","d19f2fb2c0b7542b3f6df1ec5febe9badc78878d8370a8658dec604cfece9ec1"
"current-project","current_project\table1_clean_only_20260922\pipeline.clean_only.patch.py","67405","4a06c4a69ca30254f643cc4995d008b2188057e18007e4c7967b35742bccc693"
"current-project","current_project\table1_clean_only_20260922\README.md","1506","5487f72cfdd1164cb0822c5126dcdebd44cd851deb72169f52c0d5a6df33ae80"
"current-project","current_project\table1_clean_only_20260922\run_clean_only.slurm","4023","b3b00a0164b6bb770c944722e2aa59cd4db170e626282ba1324c7164be32a5f0"
"current-project","current_project\table1_clean_only_20260922\submit_formal_queue.sh","2115","1c672b13579294b81a696b761ef98b3d5142ece7a750cc593380d42622dc01f7"
"current-project","current_project\table1_clean_only_20260922\TRANSITION_HANDOFF.md","1705","53b0549ba9a68b406f39a1e8b0484dd6c77dcb7aedd0fb99b9833258ff93c30e"
"current-project","current_project\table1_clean_only_20260922\artifact_builder\formal_results_builder.mjs","7327","eebe904e6c22f59a6e274e1b733146fabeab376d7dfc8c57b09af145205f9d89"
"current-project","current_project\table1_ours_k50_reproduction\.gitignore","39","f4e968794ab3c838a1c175b64bec2088bdff7937f273b1235114d9f3e848292a"
"current-project","current_project\table1_ours_k50_reproduction\build_notebook.py","3581","547d020a5077a0ff6d6c99cb234c14aad66f8de7225e52c7435a5240cd192af2"
"current-project","current_project\table1_ours_k50_reproduction\finalize_selection.slurm","662","d23c71d278cc99b2a203fea0ef127f7fd310d047d9220606223d1a5637345b12"
"current-project","current_project\table1_ours_k50_reproduction\freeze_selection.py","3932","37e9a94b2dd203d750fb29cdd6a44818e74290d08d75bb01eb7163d6c5d59255"
"current-project","current_project\table1_ours_k50_reproduction\freeze_selection.slurm","1160","661d9917d8be28645cdc2b4f1110f561e80fa1ed93d514e6b413f95d0620134d"
"current-project","current_project\table1_ours_k50_reproduction\official_runtime.py","3412","71a17c62f33241f2e3b2cc9b1609c7acd82840effc1b93d7719e1fe677c9740d"
"current-project","current_project\table1_ours_k50_reproduction\ours_array.slurm","1641","aea70fe9df26b0c05dbbc35a43c95963dc1dfe21d411a72ad74feab58444a5b7"
"current-project","current_project\table1_ours_k50_reproduction\protocol.json","1840","8b2302005fd128fafb505221f2049c23940850cc612c3334aab1aa8fcf0581fa"
"current-project","current_project\table1_ours_k50_reproduction\README.md","1386","e14e21444db0d79e352fdf2cfd925d4f28dd9b91113988081962c69a128dda19"
"current-project","current_project\table1_ours_k50_reproduction\RESULT.md","934","7cbf35b54502f6f256ea8709254a73bcca170fe9bff5c457709bb94ab597d469"
"current-project","current_project\table1_ours_k50_reproduction\run_ours.py","2314","203ee0a291b9ff8d7c53e9fa9b406232b6223d20e8b317d5b25ca3360a9f76b0"
"current-project","current_project\table1_ours_k50_reproduction\summarize.py","8443","28bc768ecde789c3fdd3bf0016414cb5a23b25b1cfc0ab72c0c5c14711303d6f"
"current-project","current_project\table1_ours_k50_reproduction\summary.slurm","659","4303502db069b85e57a0039369eb3b980cdb7406d44eaeab98dac42ceb63e04e"
"current-project","current_project\table1_ours_k50_reproduction\vendor\official_manifest.json","3256","c6c87f34074d5d1995a844bd4c2131ee3d459cbfcd0cc3cad62ddb3899e05ac1"
"current-project","current_project\table1_ours_k50_reproduction\vendor\README.md","574","528da0109b1ba0eb760d36893ca7b554ad4159eaa51ac3b3e1fb21bf2821e07d"
"current-project","current_project\table1_ours_k50_reproduction\vendor\graphcov\__init__.py","0","e3b0c44298fc1c149afbf4c8996fb92427ae41e4649b934ca495991b7852b855"
"current-project","current_project\table1_ours_k50_reproduction\vendor\graphcov\run\__init__.py","1439","77a447f3b2a1e989787117ab1c34ee6dbf4b8476a797c7114148ef1ede044cd4"
"current-project","current_project\table1_ours_k50_reproduction\vendor\graphcov\run\__main__.py","19063","37de54125ed1554cd007caba6cab8864d419cb92da416b63e8c05f84d4f78207"
"current-project","current_project\table1_ours_k50_reproduction\vendor\graphcov\run\compare_global.py","15050","eefc04584d60ec30ec3bdf65cd22a27ac25941f206dcfb39c71c444cfc9c7572"
"current-project","current_project\table1_ours_k50_reproduction\vendor\graphcov\run\compare_k.py","16983","1fdd97bbb2b30ac71e482f4e5662a747cc3487231e6ae3277e9177eb9501d8cb"
"current-project","current_project\table1_ours_k50_reproduction\vendor\graphcov\run\compare_selections.py","9300","73e33d476a8cc33762ff8af86e1e8bc5068834f3263614045ddef9d8a29248a7"
"current-project","current_project\table1_ours_k50_reproduction\vendor\graphcov\run\compare_sizes.py","15968","bccadc14db06a8e728780dbafc0f42d4e787ebedd14fefaa61aad2c914f04df9"
"current-project","current_project\table1_ours_k50_reproduction\vendor\graphcov\run\data.py","6307","f914973e0cff610a6ca710506bc88e31f634dbe896e5760ffdb3af5a36e6c168"
"current-project","current_project\table1_ours_k50_reproduction\vendor\graphcov\run\embeddings.py","34357","2602ac95b92d1b7be0b6ded5bf4222b7b5accd927ffb12cfd1dc83527d3ade12"
"current-project","current_project\table1_ours_k50_reproduction\vendor\graphcov\run\eva.py","19576","65ac55bafaf5a93757cb9496c215b876b1174b4f42c6c915fdf313b1d5162f07"
"current-project","current_project\table1_ours_k50_reproduction\vendor\graphcov\run\evaluation.py","20444","27dd53890c2c8d4217860e5685c9c3adcef3ea82d19a09e6e05624189c7d22bc"
"current-project","current_project\table1_ours_k50_reproduction\vendor\graphcov\run\experiment.py","47733","ab96f06795498419ba3326d454f5745549fbe9a721f7201c5cc06e7130540600"
"current-project","current_project\table1_ours_k50_reproduction\vendor\graphcov\run\graph.py","14560","0a1af50392875bd75c569348c1dafed9bd8bd0de748d23437dbbc09705bf62ec"
"current-project","current_project\table1_ours_k50_reproduction\vendor\graphcov\run\importance.py","13353","fd9a7b9f5907279a81cba6bb36919794f7bfb735f3e28edc4df67d80638be86f"
"current-project","current_project\table1_ours_k50_reproduction\vendor\graphcov\run\results.py","4754","c53f378ab581cb523f07b10750cb15a597429c81c8956f9950980564e1b98c38"
"current-project","current_project\table1_ours_k50_reproduction\vendor\graphcov\run\selection.py","76344","52a8b093c1e75f5369d8c24324effcc0b04f6ac574381412ac88cb932b8b3669"
"current-project","current_project\table1_ours_k50_reproduction\vendor\graphcov\run\timing_comparison.py","6482","beb3d4167aa8e6cfc26db89cae659cc0193f792ddc1d5b385b60963bdaa9c2df"
"current-project","current_project\table1_ours_k50_reproduction\vendor\graphcov\run\validate_kernel.py","9219","2b3816181725863cd261d8fe95d6d0980ef57e33a2a8cc5e07d55c5b09041b23"
"current-project","current_project\table1_ours_k50_reproduction\vendor\graphcov\run\visualize_datasets.py","6913","843aec5b91d5cb08f845842e92568c82c7b4c9697a35ffb894fcc726be8b98f8"
"current-project","current_project\table1_ours_k50_reproduction\vendor\graphcov\run\visualize_selection.py","9468","a9b4e0d497bf3c72dec5e959236ae0248975d3508ba9e02ffe96c54a579bfb57"
"current-project","current_project\table1_path5_fixed_random_paired_ab\aggregate.py","6633","2b40aafd751ab459f0ece8edfd74c2398ba80ee65918dffd88bb2728675cd94a"
"current-project","current_project\table1_path5_fixed_random_paired_ab\freeze_inputs.py","5154","b042a25660f852f39e8f9f3d03299891d0a6ab0b2ef5d569ee9facc15f6de265"
"current-project","current_project\table1_path5_fixed_random_paired_ab\official_runtime.py","3412","71a17c62f33241f2e3b2cc9b1609c7acd82840effc1b93d7719e1fe677c9740d"
"current-project","current_project\table1_path5_fixed_random_paired_ab\paired_core.py","2344","299c63d2fca63f204589d3a2010b4a0e9cc8e02d60186ee815fd81089c931133"
"current-project","current_project\table1_path5_fixed_random_paired_ab\protocol.json","4359","d9c1ea4ddbff0dcca6c3af675fae4554bd5e8ed54e57aa94c43ef9aee0674107"
"current-project","current_project\table1_path5_fixed_random_paired_ab\README.md","1302","7240d2839e0e7e8c4b8b25724622fe1fd1a1155e5a7dbca1b60f34125d547fd7"
"current-project","current_project\table1_path5_fixed_random_paired_ab\RESULT.md","849","ae0ee3444e8cb5175ecfc25ac9250bea63ed83436599955227f37ae974326763"
"current-project","current_project\table1_path5_fixed_random_paired_ab\sacct_29860_29866.txt","1199","a0cf65011d745d0bb20f7c55cf6f68cf5dda8be6a06a9f23bd22e988782ea1cb"
"current-project","current_project\table1_path5_fixed_random_paired_ab\submit.py","2279","828f67b14364826e43f8486960e9645467e972fe91a2371dcbe0cd0d6ff42c7d"
"current-project","current_project\table1_path5_fixed_random_paired_ab\train_pair.py","5760","997f7a25f24f97d234052e6300e4f45bca95452067add08ab9e1fe291d871837"
"current-project","current_project\table1_path5_fixed_random_paired_ab\reports\paired_results.csv","1126","80c1ddb5550626d3fe082d2dd54bf17e7ceffcec58e77bce561b5d9cb3fd7338"
"current-project","current_project\table1_path5_fixed_random_paired_ab\reports\RESULT.md","1089","10fe722d3e30e54562e2a0cd82f5ab4292cccbb937377038fbe59729ef44577e"
"current-project","current_project\table1_path5_fixed_random_paired_ab\reports\summary.json","3265","33f2f495ddce178debce4be62b802be9dca9e7ed269f02a2bd164d2c90e6cf1d"
"current-project","current_project\table1_path5_fixed_random_paired_ab\slurm\paired_array.slurm","1315","b8b940e0fbaaec2034a7de3f38b1a393791996d827d1f594732d769f07eae3f9"
"current-project","current_project\table1_path5_fixed_random_paired_ab\slurm\summary.slurm","722","1eab1f515779370cdc6d8f0c92b02c428f041bcf3870d1985dd734317d9f3fed"
"current-project","current_project\table1_path5_fixed_random_paired_ab\tests\test_aggregate.py","1792","7234487f002ed3bf498efa0227ed9b37c93667592de979da06fadd389202d8ad"
"current-project","current_project\table1_path5_fixed_random_paired_ab\tests\test_paired_core.py","1024","f3bd1a296d164bcafc6be7927cb542e7845bfd18abb21e607558c0dd012f868d"
"current-project","current_project\table1_path5_fixed_random_paired_ab\tests\test_protocol.py","1054","30f7e2df926e58144b9ea2b8bec0d9598950c47acacc85817a34d50882648bdf"
"current-project","current_project\table1_path5_fixed_random_paired_ab\tests\test_submit.py","438","57345d2c75a239010329020f6406105371810b260d52115d939fb96b41d6c637"
"current-project","current_project\table1_path5_fixed_random_paired_ab\vendor\official_manifest.json","3256","c6c87f34074d5d1995a844bd4c2131ee3d459cbfcd0cc3cad62ddb3899e05ac1"
"current-project","current_project\table1_path5_fixed_random_paired_ab\vendor\README.md","574","528da0109b1ba0eb760d36893ca7b554ad4159eaa51ac3b3e1fb21bf2821e07d"
"current-project","current_project\table1_path5_fixed_random_paired_ab\vendor\graphcov\__init__.py","0","e3b0c44298fc1c149afbf4c8996fb92427ae41e4649b934ca495991b7852b855"
"current-project","current_project\table1_path5_fixed_random_paired_ab\vendor\graphcov\run\__init__.py","1439","77a447f3b2a1e989787117ab1c34ee6dbf4b8476a797c7114148ef1ede044cd4"
"current-project","current_project\table1_path5_fixed_random_paired_ab\vendor\graphcov\run\__main__.py","19063","37de54125ed1554cd007caba6cab8864d419cb92da416b63e8c05f84d4f78207"
"current-project","current_project\table1_path5_fixed_random_paired_ab\vendor\graphcov\run\compare_global.py","15050","eefc04584d60ec30ec3bdf65cd22a27ac25941f206dcfb39c71c444cfc9c7572"
"current-project","current_project\table1_path5_fixed_random_paired_ab\vendor\graphcov\run\compare_k.py","16983","1fdd97bbb2b30ac71e482f4e5662a747cc3487231e6ae3277e9177eb9501d8cb"
"current-project","current_project\table1_path5_fixed_random_paired_ab\vendor\graphcov\run\compare_selections.py","9300","73e33d476a8cc33762ff8af86e1e8bc5068834f3263614045ddef9d8a29248a7"
"current-project","current_project\table1_path5_fixed_random_paired_ab\vendor\graphcov\run\compare_sizes.py","15968","bccadc14db06a8e728780dbafc0f42d4e787ebedd14fefaa61aad2c914f04df9"
"current-project","current_project\table1_path5_fixed_random_paired_ab\vendor\graphcov\run\data.py","6307","f914973e0cff610a6ca710506bc88e31f634dbe896e5760ffdb3af5a36e6c168"
"current-project","current_project\table1_path5_fixed_random_paired_ab\vendor\graphcov\run\embeddings.py","34357","2602ac95b92d1b7be0b6ded5bf4222b7b5accd927ffb12cfd1dc83527d3ade12"
"current-project","current_project\table1_path5_fixed_random_paired_ab\vendor\graphcov\run\eva.py","19576","65ac55bafaf5a93757cb9496c215b876b1174b4f42c6c915fdf313b1d5162f07"
"current-project","current_project\table1_path5_fixed_random_paired_ab\vendor\graphcov\run\evaluation.py","20444","27dd53890c2c8d4217860e5685c9c3adcef3ea82d19a09e6e05624189c7d22bc"
"current-project","current_project\table1_path5_fixed_random_paired_ab\vendor\graphcov\run\experiment.py","47733","ab96f06795498419ba3326d454f5745549fbe9a721f7201c5cc06e7130540600"
"current-project","current_project\table1_path5_fixed_random_paired_ab\vendor\graphcov\run\graph.py","14560","0a1af50392875bd75c569348c1dafed9bd8bd0de748d23437dbbc09705bf62ec"
"current-project","current_project\table1_path5_fixed_random_paired_ab\vendor\graphcov\run\importance.py","13353","fd9a7b9f5907279a81cba6bb36919794f7bfb735f3e28edc4df67d80638be86f"
"current-project","current_project\table1_path5_fixed_random_paired_ab\vendor\graphcov\run\results.py","4754","c53f378ab581cb523f07b10750cb15a597429c81c8956f9950980564e1b98c38"
"current-project","current_project\table1_path5_fixed_random_paired_ab\vendor\graphcov\run\selection.py","76344","52a8b093c1e75f5369d8c24324effcc0b04f6ac574381412ac88cb932b8b3669"
"current-project","current_project\table1_path5_fixed_random_paired_ab\vendor\graphcov\run\timing_comparison.py","6482","beb3d4167aa8e6cfc26db89cae659cc0193f792ddc1d5b385b60963bdaa9c2df"
"current-project","current_project\table1_path5_fixed_random_paired_ab\vendor\graphcov\run\validate_kernel.py","9219","2b3816181725863cd261d8fe95d6d0980ef57e33a2a8cc5e07d55c5b09041b23"
"current-project","current_project\table1_path5_fixed_random_paired_ab\vendor\graphcov\run\visualize_datasets.py","6913","843aec5b91d5cb08f845842e92568c82c7b4c9697a35ffb894fcc726be8b98f8"
"current-project","current_project\table1_path5_fixed_random_paired_ab\vendor\graphcov\run\visualize_selection.py","9468","a9b4e0d497bf3c72dec5e959236ae0248975d3508ba9e02ffe96c54a579bfb57"
"current-project","current_project\table1_path5_random_selection_seed_sweep_ab\aggregate.py","5541","fd269faa65c070066f22271e1e117f90e2ba7168db463c7b9311babb520c317c"
"current-project","current_project\table1_path5_random_selection_seed_sweep_ab\official_runtime.py","3412","71a17c62f33241f2e3b2cc9b1609c7acd82840effc1b93d7719e1fe677c9740d"
"current-project","current_project\table1_path5_random_selection_seed_sweep_ab\paired_core.py","2344","299c63d2fca63f204589d3a2010b4a0e9cc8e02d60186ee815fd81089c931133"
"current-project","current_project\table1_path5_random_selection_seed_sweep_ab\prepare_random.py","4506","592fc08ffff69aedb85f663a29b26e83ba3cf40671f0ecd0ce37a18cf47fa60e"
"current-project","current_project\table1_path5_random_selection_seed_sweep_ab\protocol.json","2442","2ea22fd67a25db161d1ea1fecc166ac5aeedde9340846d1be5e845dd247b8c21"
"current-project","current_project\table1_path5_random_selection_seed_sweep_ab\README.md","949","773d8d1f106b23ea531e93cea1d6bb9eee52ef91d6db4134cc9fa1dce6d98e1b"
"current-project","current_project\table1_path5_random_selection_seed_sweep_ab\submit.py","2332","027c126a25a1770b0c9ca2d167231708831ff447a741d701a13589256cac56ae"
"current-project","current_project\table1_path5_random_selection_seed_sweep_ab\train_random.py","5337","007f0add405159495ab556db455513d5803056f83768ce5fecbb1e5c5beba263"
"current-project","current_project\table1_path5_random_selection_seed_sweep_ab\slurm\prepare.slurm","805","8dbc60ec5987621589076434a49f18eca5d6c737058aa74ed965a610ef3c684d"
"current-project","current_project\table1_path5_random_selection_seed_sweep_ab\slurm\random_array.slurm","1372","722d248d73a10a01ff877edeb07312643736436ad9c2b181f71408f703bfe875"
"current-project","current_project\table1_path5_random_selection_seed_sweep_ab\slurm\summary.slurm","762","16524f4b8c0be092b22e4327face82dd6a4aebb70c47d2ab74077bdfb1af2159"
"current-project","current_project\table1_path5_random_selection_seed_sweep_ab\tests\test_protocol.py","799","2e6ef57228faa6a6c2884a8fbb4a246d46d2f50edac36bd5bc30e974b72f7c2e"
"current-project","current_project\table1_path5_random_selection_seed_sweep_ab\vendor\official_manifest.json","3256","c6c87f34074d5d1995a844bd4c2131ee3d459cbfcd0cc3cad62ddb3899e05ac1"
"current-project","current_project\table1_path5_random_selection_seed_sweep_ab\vendor\README.md","574","528da0109b1ba0eb760d36893ca7b554ad4159eaa51ac3b3e1fb21bf2821e07d"
"current-project","current_project\table1_path5_random_selection_seed_sweep_ab\vendor\graphcov\__init__.py","0","e3b0c44298fc1c149afbf4c8996fb92427ae41e4649b934ca495991b7852b855"
"current-project","current_project\table1_path5_random_selection_seed_sweep_ab\vendor\graphcov\run\__init__.py","1439","77a447f3b2a1e989787117ab1c34ee6dbf4b8476a797c7114148ef1ede044cd4"
"current-project","current_project\table1_path5_random_selection_seed_sweep_ab\vendor\graphcov\run\__main__.py","19063","37de54125ed1554cd007caba6cab8864d419cb92da416b63e8c05f84d4f78207"
"current-project","current_project\table1_path5_random_selection_seed_sweep_ab\vendor\graphcov\run\compare_global.py","15050","eefc04584d60ec30ec3bdf65cd22a27ac25941f206dcfb39c71c444cfc9c7572"
"current-project","current_project\table1_path5_random_selection_seed_sweep_ab\vendor\graphcov\run\compare_k.py","16983","1fdd97bbb2b30ac71e482f4e5662a747cc3487231e6ae3277e9177eb9501d8cb"
"current-project","current_project\table1_path5_random_selection_seed_sweep_ab\vendor\graphcov\run\compare_selections.py","9300","73e33d476a8cc33762ff8af86e1e8bc5068834f3263614045ddef9d8a29248a7"
"current-project","current_project\table1_path5_random_selection_seed_sweep_ab\vendor\graphcov\run\compare_sizes.py","15968","bccadc14db06a8e728780dbafc0f42d4e787ebedd14fefaa61aad2c914f04df9"
"current-project","current_project\table1_path5_random_selection_seed_sweep_ab\vendor\graphcov\run\data.py","6307","f914973e0cff610a6ca710506bc88e31f634dbe896e5760ffdb3af5a36e6c168"
"current-project","current_project\table1_path5_random_selection_seed_sweep_ab\vendor\graphcov\run\embeddings.py","34357","2602ac95b92d1b7be0b6ded5bf4222b7b5accd927ffb12cfd1dc83527d3ade12"
"current-project","current_project\table1_path5_random_selection_seed_sweep_ab\vendor\graphcov\run\eva.py","19576","65ac55bafaf5a93757cb9496c215b876b1174b4f42c6c915fdf313b1d5162f07"
"current-project","current_project\table1_path5_random_selection_seed_sweep_ab\vendor\graphcov\run\evaluation.py","20444","27dd53890c2c8d4217860e5685c9c3adcef3ea82d19a09e6e05624189c7d22bc"
"current-project","current_project\table1_path5_random_selection_seed_sweep_ab\vendor\graphcov\run\experiment.py","47733","ab96f06795498419ba3326d454f5745549fbe9a721f7201c5cc06e7130540600"
"current-project","current_project\table1_path5_random_selection_seed_sweep_ab\vendor\graphcov\run\graph.py","14560","0a1af50392875bd75c569348c1dafed9bd8bd0de748d23437dbbc09705bf62ec"
"current-project","current_project\table1_path5_random_selection_seed_sweep_ab\vendor\graphcov\run\importance.py","13353","fd9a7b9f5907279a81cba6bb36919794f7bfb735f3e28edc4df67d80638be86f"
"current-project","current_project\table1_path5_random_selection_seed_sweep_ab\vendor\graphcov\run\results.py","4754","c53f378ab581cb523f07b10750cb15a597429c81c8956f9950980564e1b98c38"
"current-project","current_project\table1_path5_random_selection_seed_sweep_ab\vendor\graphcov\run\selection.py","76344","52a8b093c1e75f5369d8c24324effcc0b04f6ac574381412ac88cb932b8b3669"
"current-project","current_project\table1_path5_random_selection_seed_sweep_ab\vendor\graphcov\run\timing_comparison.py","6482","beb3d4167aa8e6cfc26db89cae659cc0193f792ddc1d5b385b60963bdaa9c2df"
"current-project","current_project\table1_path5_random_selection_seed_sweep_ab\vendor\graphcov\run\validate_kernel.py","9219","2b3816181725863cd261d8fe95d6d0980ef57e33a2a8cc5e07d55c5b09041b23"
"current-project","current_project\table1_path5_random_selection_seed_sweep_ab\vendor\graphcov\run\visualize_datasets.py","6913","843aec5b91d5cb08f845842e92568c82c7b4c9697a35ffb894fcc726be8b98f8"
"current-project","current_project\table1_path5_random_selection_seed_sweep_ab\vendor\graphcov\run\visualize_selection.py","9468","a9b4e0d497bf3c72dec5e959236ae0248975d3508ba9e02ffe96c54a579bfb57"
"current-project","current_project\table1_reproduction\__init__.py","64","ed2764d89c942ceb0138e211fde512626e69fdc212ccc1331153db13567653e9"
"current-project","current_project\table1_reproduction\.gitignore","42","7da074e916da4ab18e84534e83d94b4e5d9c8366e077f1c291f845ebf9b4bb65"
"current-project","current_project\table1_reproduction\CONFIG_EVIDENCE.md","3671","452f9d4fa4ec66d25376fc9ebc8b1c6f4a1344a67c3411e35c826e552ff68715"
"current-project","current_project\table1_reproduction\official_runtime.py","3412","71a17c62f33241f2e3b2cc9b1609c7acd82840effc1b93d7719e1fe677c9740d"
"current-project","current_project\table1_reproduction\README.md","7394","7957d1e013cfb5e147e825c59c1ecee012edca7b6fb281309ba21eec8706a944"
"current-project","current_project\table1_reproduction\table1_8_methods_reproduction.ipynb","12773","079921c7d223c28856995e22bd403c8f1a6d457c44b4773280844f129ba63869"
"current-project","current_project\table1_reproduction\configs\datasets_server_3090.json","1578","d871818c57fd8cda8bc473036ba0242dda4c272a4fa8714633bf8912c2731772"
"current-project","current_project\table1_reproduction\configs\job1_extra_diagnostics.json","1415","6d5129d9632e9991ba599fefd6794d78a04b73e6e0426a816558e17827229675"
"current-project","current_project\table1_reproduction\configs\job1_table1.json","3129","886f2e61ec66bb19357b6591a96d8f0d4338f4fcaac15d71385a98416ec56c86"
"current-project","current_project\table1_reproduction\configs\job2_graph_a2_3seeds.json","1388","89c9ead9552cba67e277cabdd61a9ead7b657b9d9795b7f033e1f7ab11e2be31"
"current-project","current_project\table1_reproduction\configs\job2_graph_a2_seed42.json","1394","61aff05adaaab4fd3e26f9d183c82ad3a757ca17c3ed506635f26e6a42a5f4e3"
"current-project","current_project\table1_reproduction\configs\job2_path_blood_single_seed.json","1474","fbb02fef7970b1ae7b5d93dbfeb842fec70349b5fa458c3e368fdeb68965f007"
"current-project","current_project\table1_reproduction\configs\job2_table1.json","1624","753203689ba63c81a0d10d4c1d34d87be4d50a1789f0063300e6cc098fdec763"
"current-project","current_project\table1_reproduction\experiments\__init__.py","68","4bcaa3bd6c366c9709b633cf884c3d3ddd8f95a86f83bb1c24758094c08dd386"
"current-project","current_project\table1_reproduction\experiments\job1_select.py","18822","087425f4ac347c587e25030c212ee4c821f2eb260d9c95d4ad3801c7c318291c"
"current-project","current_project\table1_reproduction\experiments\job2_downstream.py","16669","b9586e1e9b963310c5c284829b8980beb631f0571cda61d46518b34d1044e9ff"
"current-project","current_project\table1_reproduction\experiments\preflight.py","3270","8d3868defa2a4866fd537cb9e1a0721a5934d603dac2ea40101490ff4c801811"
"current-project","current_project\table1_reproduction\experiments\summarize.py","6077","0e51b67353687a5c811e3ae441f9455ed7dcbb6ecc2453c2bbecb02a3ba56403"
"current-project","current_project\table1_reproduction\missing_k10_completion\missing_k10_downstream_array.slurm","1690","90fdbacab1405ee2276e9aa0e8a35f7a1c2ee9d70c24b95de56d2048eb787e3b"
"current-project","current_project\table1_reproduction\missing_k10_completion\public_k10_job2_config.json","985","6b2e1c1a6577d6365a4038673028ba0016b318c5c84cced07bf0c9345731e413"
"current-project","current_project\table1_reproduction\missing_k10_completion\README.md","1348","06a31faea7a53ecaf8b8624fd1f792b37ed605c7735e4f9d46455390ea81c8d1"
"current-project","current_project\table1_reproduction\missing_k10_completion\run_missing.py","8251","4099f173f31e5cef839246e7c5df57a6b13c48fdae46734879df4c6c62b2ee51"
"current-project","current_project\table1_reproduction\scripts\run_job1.sh","629","ac190fe9e469ad768630262f7fb1c671a88cff3353595123555df997b311ace9"
"current-project","current_project\table1_reproduction\scripts\run_job2_gpu0.sh","609","e76016114f63227b27ab8aaea9e590350472e4053919e5c80926fe0aaa8bf9d3"
"current-project","current_project\table1_reproduction\scripts\run_job2_gpu1.sh","609","8464349fa85f98c30053b11d2e506ed6690deecc61b5d2efc051dbb284a16751"
"current-project","current_project\table1_reproduction\scripts\summarize.sh","483","b4f424ed46837c2e302fc1c7034d3c98e80fcf44bd036bb8fac7ce6e8a835dff"
"current-project","current_project\table1_reproduction\slurm\graph_a2_3seeds_downstream.slurm","1493","28ca1f827d81afc2c48377b48f66dfd3f2d9070b07bfc96e5370e24b26c93808"
"current-project","current_project\table1_reproduction\slurm\job1_select_array.slurm","1680","37c54220ff5e03eb45506cc38193ab4b1ce3865b8af5ff38fad0c7b43c5d0fb0"
"current-project","current_project\table1_reproduction\slurm\job2_downstream_array.slurm","1487","34bbdb41bb7f35e69d03b500c13f8decb2e2d545e412dd7301e61fdcdffa6b9c"
"current-project","current_project\table1_reproduction\slurm\pilot_graph_a2_seed42_downstream.slurm","1541","46e7a550de2bd39f3f54b6491781b48a850b98974444ea9d84c4159d289be388"
"current-project","current_project\table1_reproduction\slurm\pilot_graph_a2_select_array.slurm","1670","bc9cd2379e76d4e24355fa2a588700e5b6e4c8b8a78da4fb8f9cfa1806157e8d"
"current-project","current_project\table1_reproduction\slurm\preflight_gpu.slurm","3752","9d8ef8a3f43167576b1193ef184fb01ffccb0cf2bef94b03cade92da7f80aa4d"
"current-project","current_project\table1_reproduction\slurm\table1_summary.slurm","837","46ca1b2917491fa1f608a19c96084ce9405a2c9182d3074835edc4d4e0ea80aa"
"current-project","current_project\table1_reproduction\tests\__init__.py","62","3fa2069654d36f64b45033cb8ea77c32034e1b08bf4f86183c1e493d43bc0f31"
"current-project","current_project\table1_reproduction\tests\test_configs.py","3841","f477ca804a10fa0f45c69143885f24fc78552f1885eb25376f17315bd391817e"
"current-project","current_project\table1_reproduction\vendor\official_manifest.json","3256","c6c87f34074d5d1995a844bd4c2131ee3d459cbfcd0cc3cad62ddb3899e05ac1"
"current-project","current_project\table1_reproduction\vendor\README.md","574","528da0109b1ba0eb760d36893ca7b554ad4159eaa51ac3b3e1fb21bf2821e07d"
"current-project","current_project\table1_reproduction\vendor\graphcov\__init__.py","0","e3b0c44298fc1c149afbf4c8996fb92427ae41e4649b934ca495991b7852b855"
"current-project","current_project\table1_reproduction\vendor\graphcov\run\__init__.py","1439","77a447f3b2a1e989787117ab1c34ee6dbf4b8476a797c7114148ef1ede044cd4"
"current-project","current_project\table1_reproduction\vendor\graphcov\run\__main__.py","19063","37de54125ed1554cd007caba6cab8864d419cb92da416b63e8c05f84d4f78207"
"current-project","current_project\table1_reproduction\vendor\graphcov\run\compare_global.py","15050","eefc04584d60ec30ec3bdf65cd22a27ac25941f206dcfb39c71c444cfc9c7572"
"current-project","current_project\table1_reproduction\vendor\graphcov\run\compare_k.py","16983","1fdd97bbb2b30ac71e482f4e5662a747cc3487231e6ae3277e9177eb9501d8cb"
"current-project","current_project\table1_reproduction\vendor\graphcov\run\compare_selections.py","9300","73e33d476a8cc33762ff8af86e1e8bc5068834f3263614045ddef9d8a29248a7"
"current-project","current_project\table1_reproduction\vendor\graphcov\run\compare_sizes.py","15968","bccadc14db06a8e728780dbafc0f42d4e787ebedd14fefaa61aad2c914f04df9"
"current-project","current_project\table1_reproduction\vendor\graphcov\run\data.py","6307","f914973e0cff610a6ca710506bc88e31f634dbe896e5760ffdb3af5a36e6c168"
"current-project","current_project\table1_reproduction\vendor\graphcov\run\embeddings.py","34357","2602ac95b92d1b7be0b6ded5bf4222b7b5accd927ffb12cfd1dc83527d3ade12"
"current-project","current_project\table1_reproduction\vendor\graphcov\run\eva.py","19576","65ac55bafaf5a93757cb9496c215b876b1174b4f42c6c915fdf313b1d5162f07"
"current-project","current_project\table1_reproduction\vendor\graphcov\run\evaluation.py","20444","27dd53890c2c8d4217860e5685c9c3adcef3ea82d19a09e6e05624189c7d22bc"
"current-project","current_project\table1_reproduction\vendor\graphcov\run\experiment.py","47733","ab96f06795498419ba3326d454f5745549fbe9a721f7201c5cc06e7130540600"
"current-project","current_project\table1_reproduction\vendor\graphcov\run\graph.py","14560","0a1af50392875bd75c569348c1dafed9bd8bd0de748d23437dbbc09705bf62ec"
"current-project","current_project\table1_reproduction\vendor\graphcov\run\importance.py","13353","fd9a7b9f5907279a81cba6bb36919794f7bfb735f3e28edc4df67d80638be86f"
"current-project","current_project\table1_reproduction\vendor\graphcov\run\results.py","4754","c53f378ab581cb523f07b10750cb15a597429c81c8956f9950980564e1b98c38"
"current-project","current_project\table1_reproduction\vendor\graphcov\run\selection.py","76344","52a8b093c1e75f5369d8c24324effcc0b04f6ac574381412ac88cb932b8b3669"
"current-project","current_project\table1_reproduction\vendor\graphcov\run\timing_comparison.py","6482","beb3d4167aa8e6cfc26db89cae659cc0193f792ddc1d5b385b60963bdaa9c2df"
"current-project","current_project\table1_reproduction\vendor\graphcov\run\validate_kernel.py","9219","2b3816181725863cd261d8fe95d6d0980ef57e33a2a8cc5e07d55c5b09041b23"
"current-project","current_project\table1_reproduction\vendor\graphcov\run\visualize_datasets.py","6913","843aec5b91d5cb08f845842e92568c82c7b4c9697a35ffb894fcc726be8b98f8"
"current-project","current_project\table1_reproduction\vendor\graphcov\run\visualize_selection.py","9468","a9b4e0d497bf3c72dec5e959236ae0248975d3508ba9e02ffe96c54a579bfb57"
"current-project","current_project\v11\__init__.py","72","bf4ad654c1021124ed04fbf9f42984bec6ae838ac05210df5b43e44beb604e1a"
"current-project","current_project\v11\.gitignore","62","98a11d944020d11d3d232e69568a1e6f2153f16954de4d7c29e7516d11a019c8"
"current-project","current_project\v11\README.md","10169","b250e979d5dcc17b01f1b8d3cf0f28a503e25638fdfa945e4a445c05d3dbfe1b"
"current-project","current_project\v11\configs\datasets_server_3090.json","1851","f03728eae0a666c458821d297ef94f2952f2e913f5b043e2b81d596766ba8325"
"current-project","current_project\v11\configs\job1_derma_atomic.json","5020","696d3f29dced8f28eef5de8aba040d78252c1a5d832d57b42d96f1f614c6b210"
"current-project","current_project\v11\configs\job1_table1_calibration.json","17803","b0d90ecde65d5d735b353a27d99730407fc14ac44bd8a990559ba5a3a6d49ad6"
"current-project","current_project\v11\configs\job2_derma_atomic_3seeds.json","988","e70be498ce34ba91f46ce6d798b6ab9b58f9e6f781b9d9019d8838620868d87d"
"current-project","current_project\v11\configs\job2_derma_atomic_seed42.json","983","cd3874e3a0149018435b859964e76c66537469f24adf120b0d615fb7d14535b3"
"current-project","current_project\v11\configs\job2_table1_validation_3seeds.json","1468","6ca7643a36e48dd891f968fa86995e80d3cff0dbba4a56bce6b09ef05e16ff80"
"current-project","current_project\v11\configs\job2_table1_validation_seed42.json","1402","890d1efb423c6684fb2fd3f9689944a22001573c6e010baa4856943a16b1cf10"
"current-project","current_project\v11\experiments\__init__.py","39","b14ff59ce0b7ba5ea98627382bd5c58bebcd0f6107f5898c6be083060e8f25a4"
"current-project","current_project\v11\experiments\freeze_validation_winners.py","10152","71d287ff77f7a65db1b32aabc882ab597ff9f9e7014f6ba831f8942c057a6877"
"current-project","current_project\v11\experiments\job1_select.py","28792","98bd4d683df92dc266e9b97406832d470b13449da2637fe5bfbd6c1058312308"
"current-project","current_project\v11\experiments\job2_downstream.py","17384","36a8b8122c719a2e15c626153f65446f6046ebbdc95b3bb805446b82e3c62960"
"current-project","current_project\v11\experiments\preflight_server.py","3479","6649ad3a35c80f3c99338ce1390725bf65d5578ef4e63436b52be0d80d6e7880"
"current-project","current_project\v11\experiments\summarize_downstream.py","4235","4da9b81e8238dbc99591c0240355478a12de35a13d18c8ce76efa32e4c962eb6"
"current-project","current_project\v11\methods\__init__.py","814","75b7841c76504fba90377ebccfad1e66569a7b969c5fbe1ca38be4889eddc147"
"current-project","current_project\v11\methods\selection.py","26076","ebd3833cad6e8accf1268c609ce458257711a47fb87e5f56be9737beff94ed8b"
"current-project","current_project\v11\scripts\run_job1.sh","486","4123f5e0494340084c4e34cf8be66377aab46a125b029bcc0d3bb93b8e16f77b"
"current-project","current_project\v11\scripts\run_job2_gpu0.sh","556","c76b5455a63b5ada6f22796a81ec8ed421c9b9c1a21a08a754a9da7ec1ac23ed"
"current-project","current_project\v11\scripts\run_job2_gpu1.sh","556","528e61a1932158b90d34e23a81d6bb63c1addea3c914ae60c842666dcc3c1682"
"current-project","current_project\v11\scripts\summarize_job2.sh","443","33ff7eb2871637f29603e91240dbcbbe730e1f95b8756be22186556aececbef2"
"current-project","current_project\v11\slurm\freeze_table1_winners.slurm","1562","d1dfe4c7880f9c59d0e4c9c65c41de77a4e67e8fbd1b7dd8b56013e3cb752cb8"
"current-project","current_project\v11\slurm\frozen_test_array.slurm","1450","359cbea19b6648ee86e0807ebe46f618db3ae382f975a1fe311c3e07477fd177"
"current-project","current_project\v11\slurm\job1_select_array.slurm","1449","da5958cda20adb8653b97aa81595e007ac66aa8ff966703a811d1d8576ee4de5"
"current-project","current_project\v11\slurm\job2_array.slurm","1421","dd2d55f735a73e0cb67e90c878269b976758d6fbca860357ce545b41fb76ce94"
"current-project","current_project\v11\slurm\pilot_seed42_array.slurm","1413","bd810a647e1d23e5c960f3e0a5063b420c860913b5fc093b3eae70fccf8caf29"
"current-project","current_project\v11\slurm\validation_3seeds_array.slurm","1413","8078ff36936a3ed2f9295ab34ea0bedc1111d57b147f2d49769d124881a6d19d"
"current-project","current_project\v11\tests\test_configs.py","4241","569a4ecb500de8747c1be8ed0d43ab0b98db087d71d219350fed9eae23f1ca4c"
"current-project","current_project\v11\tests\test_freeze.py","3844","7b1208e3b98d03a80469975d5d57ef26502a954ff9aadb897592b25a27418437"
"current-project","current_project\v11\tests\test_selection.py","3789","146e3a7d169c6d0ec1d3369925f784dd9a08d7da8080a5aa6df1069f0276e3d6"
"generated-diff","diffs\PROJECT_VS_AUTHOR.patch","1143022","5e7618a2f483a6f77ce2e9c2da874b6d3dae88ab17bba95b5f47a9ca81a6494b"
"generated-diff","diffs\SHARED_GRAPHCOV_VS_AUTHOR.patch","0","e3b0c44298fc1c149afbf4c8996fb92427ae41e4649b934ca495991b7852b855"
"generated-diff","diffs\VENDOR_VS_AUTHOR.patch","0","e3b0c44298fc1c149afbf4c8996fb92427ae41e4649b934ca495991b7852b855"
"author-upstream","original_author\.gitignore","57","398f743635c92d0e5f0399ce1c616f5944969fc02d70b6896c1f03fc54d257b4"
"author-upstream","original_author\LICENSE","1097","5bb9202927cc4a1305799083cb0d826ebb6e1a02495ace711ecd66d33251e346"
"author-upstream","original_author\overview.svg","2473861","440a3f5160e03425ae990603e09075ff2f22ac4f09c41694c53cdd773670a838"
"author-upstream","original_author\README.md","3783","09eb9a5a012c37d885836a9330e93244cddd14d1bb430cbeb03ea1de1ad85f46"
"author-upstream","original_author\requirements.txt","83","1ac49d8076125757bb7d1510c93c5add14fc913aedff3a160c21fb23a7d4bbf8"
"author-upstream","original_author\selection_viz_dermamnist.png","951355","c16d2423d030f4bc745d5603bcef8ff94ec2bb77ec24bd4e174fd738a4b815c0"
"author-upstream","original_author\selection_viz_organamnist.png","394351","fdec680faa4d5477946b405a87c99202211cc0664c3356eb4e8ec36e34ea0a11"
"author-upstream","original_author\graphcov\__init__.py","0","e3b0c44298fc1c149afbf4c8996fb92427ae41e4649b934ca495991b7852b855"
"author-upstream","original_author\graphcov\run\__init__.py","1439","77a447f3b2a1e989787117ab1c34ee6dbf4b8476a797c7114148ef1ede044cd4"
"author-upstream","original_author\graphcov\run\__main__.py","19063","37de54125ed1554cd007caba6cab8864d419cb92da416b63e8c05f84d4f78207"
"author-upstream","original_author\graphcov\run\compare_global.py","15050","eefc04584d60ec30ec3bdf65cd22a27ac25941f206dcfb39c71c444cfc9c7572"
"author-upstream","original_author\graphcov\run\compare_k.py","16983","1fdd97bbb2b30ac71e482f4e5662a747cc3487231e6ae3277e9177eb9501d8cb"
"author-upstream","original_author\graphcov\run\compare_selections.py","9300","73e33d476a8cc33762ff8af86e1e8bc5068834f3263614045ddef9d8a29248a7"
"author-upstream","original_author\graphcov\run\compare_sizes.py","15968","bccadc14db06a8e728780dbafc0f42d4e787ebedd14fefaa61aad2c914f04df9"
"author-upstream","original_author\graphcov\run\data.py","6307","f914973e0cff610a6ca710506bc88e31f634dbe896e5760ffdb3af5a36e6c168"
"author-upstream","original_author\graphcov\run\embeddings.py","34357","2602ac95b92d1b7be0b6ded5bf4222b7b5accd927ffb12cfd1dc83527d3ade12"
"author-upstream","original_author\graphcov\run\eva.py","19576","65ac55bafaf5a93757cb9496c215b876b1174b4f42c6c915fdf313b1d5162f07"
"author-upstream","original_author\graphcov\run\evaluation.py","20444","27dd53890c2c8d4217860e5685c9c3adcef3ea82d19a09e6e05624189c7d22bc"
"author-upstream","original_author\graphcov\run\experiment.py","47733","ab96f06795498419ba3326d454f5745549fbe9a721f7201c5cc06e7130540600"
"author-upstream","original_author\graphcov\run\graph.py","14560","0a1af50392875bd75c569348c1dafed9bd8bd0de748d23437dbbc09705bf62ec"
"author-upstream","original_author\graphcov\run\importance.py","13353","fd9a7b9f5907279a81cba6bb36919794f7bfb735f3e28edc4df67d80638be86f"
"author-upstream","original_author\graphcov\run\results.py","4754","c53f378ab581cb523f07b10750cb15a597429c81c8956f9950980564e1b98c38"
"author-upstream","original_author\graphcov\run\selection.py","76344","52a8b093c1e75f5369d8c24324effcc0b04f6ac574381412ac88cb932b8b3669"
"author-upstream","original_author\graphcov\run\timing_comparison.py","6482","beb3d4167aa8e6cfc26db89cae659cc0193f792ddc1d5b385b60963bdaa9c2df"
"author-upstream","original_author\graphcov\run\validate_kernel.py","9219","2b3816181725863cd261d8fe95d6d0980ef57e33a2a8cc5e07d55c5b09041b23"
"author-upstream","original_author\graphcov\run\visualize_datasets.py","6913","843aec5b91d5cb08f845842e92568c82c7b4c9697a35ffb894fcc726be8b98f8"
"author-upstream","original_author\graphcov\run\visualize_selection.py","9468","a9b4e0d497bf3c72dec5e959236ae0248975d3508ba9e02ffe96c54a579bfb57"
"audit-tool","tools\compare.ps1","752","04268cfcfc49ed5a54bb8eaa2548498d60eb3038a35e79b55e8a0b00d6f1f895"
