dataset,ratio,method,n_seeds,training_seeds,best_balanced_accuracy_mean,best_balanced_accuracy_std,final_balanced_accuracy_mean,final_balanced_accuracy_std,accuracy_mean,accuracy_std,worst_class_recall_mean,worst_class_recall_std,class_cvar20_mean,class_cvar20_std
bloodmnist,0.02,el2n,5,"42,43,44,45,46",0.5112267527469829,0.10179774669262877,0.5021169713312645,0.09875635151785662,0.5103770827243496,0.09359492133651232,0.18192581732558075,0.07042022494394025,0.20668280177098095,0.06711512141963691
bloodmnist,0.02,eva,5,"42,43,44,45,46",0.7406373178310138,0.027388756428813475,0.7395068826107478,0.026512185723546067,0.7743349897690733,0.02798192691313744,0.35655737704918034,0.09209920104198456,0.39673267670236145,0.10163902894273212
bloodmnist,0.02,facility,5,"42,43,44,45,46",0.8358085752364528,0.011046860812357562,0.8333243836344126,0.011813356994251506,0.8323297281496639,0.007953362925573623,0.5440414507772021,0.04186252035765396,0.6248376267970517,0.03211037200284779
bloodmnist,0.02,forgetting,5,"42,43,44,45,46",0.6802686725609091,0.02470430213700808,0.6788609546665696,0.024862566701778,0.7052908506284712,0.029983309238431368,0.24804057505655697,0.023967137135032023,0.29274727551621643,0.018036267181459276
bloodmnist,0.02,fps,5,"42,43,44,45,46",0.7980118134763154,0.015358394732616147,0.7953706539187446,0.01760701779185954,0.791756796258404,0.017847328928229426,0.3436960276338515,0.09989688665163458,0.4951971248767272,0.04491282270679852
bloodmnist,0.02,graph_a2,3,"42,43,44",0.8270603625511174,0.014594594893931332,0.8255757103272543,0.016083770772016785,0.8250024359349118,0.016391217596692882,0.568796776050662,0.01764139717449,0.6507879824223141,0.01985076595063525
bloodmnist,0.02,herding,5,"42,43,44,45,46",0.8345170189239862,0.02210125973408078,0.833693430162584,0.022425306219742723,0.8328558900906168,0.022819455490657316,0.5723661485319517,0.05984898313109096,0.6590703982096378,0.042212815483667177
bloodmnist,0.02,random,5,"42,43,44,45,46",0.831904907068722,0.01316943258174932,0.8304863319885156,0.013697403009195135,0.8350774627301959,0.01658263116145218,0.5654576856649396,0.07491183992889743,0.6410814172956423,0.056662981484143525
bloodmnist,0.05,el2n,5,"42,43,44,45,46",0.7633720465000574,0.01662464127580992,0.7588608856810289,0.01922628643923747,0.7473253434668226,0.012347551992846166,0.2815198618307426,0.04536761843372607,0.4156229353082883,0.03920151273046982
bloodmnist,0.05,eva,5,"42,43,44,45,46",0.8535968949112704,0.028237289235562606,0.8501692757634128,0.027901021525001162,0.8669394913767904,0.023521052489408067,0.5869659390129959,0.07727403634174461,0.616311333842974,0.07213370138709531
bloodmnist,0.05,facility,5,"42,43,44,45,46",0.9139668888106748,0.011480811729035943,0.9125576660004174,0.011697780297093526,0.9075124232680503,0.012720787034498875,0.6756476683937823,0.04853471740562599,0.773035101802525,0.027159208450235756
bloodmnist,0.05,forgetting,5,"42,43,44,45,46",0.8338866584003888,0.0028195122228793276,0.8303204309165807,0.003804605583050781,0.8467699503069278,0.0018301637933350982,0.47722518183366175,0.038633640857829964,0.5167858619766961,0.03324026257226151
bloodmnist,0.05,fps,5,"42,43,44,45,46",0.9117506904145171,0.008743947645100173,0.9103690424160761,0.008419959409249337,0.9057000876936568,0.009963515755227728,0.6393782383419689,0.07679743891414705,0.7506750346639423,0.036925076000080145
bloodmnist,0.05,graph_a2,3,"42,43,44",0.911245818085931,0.018902848184854604,0.9100941364890275,0.019190848094584597,0.9055831628178895,0.021542039962458553,0.689119170984456,0.08404507813883555,0.7864609939429322,0.05313706492452578
bloodmnist,0.05,herding,5,"42,43,44,45,46",0.933690902041969,0.013301646835539999,0.9326477706349272,0.013510245308765777,0.9300204618532593,0.015404880115923695,0.7595854922279793,0.06343947825104979,0.8368206151891755,0.03998945306082055
bloodmnist,0.05,random,5,"42,43,44,45,46",0.921445784540392,0.016425106154398673,0.9189059131910194,0.016133365460859434,0.9158725518854136,0.01798777206270073,0.718825561312608,0.06002068801545926,0.7999057384027829,0.040169565484528526
organamnist,0.02,el2n,5,"42,43,44,45,46",0.6964834819518188,0.02681202833521185,0.687976591589873,0.024247111165585193,0.6748565642929464,0.019699287581117896,0.2676854508030664,0.02392374474410993,0.30132023006926756,0.023113533865013355
organamnist,0.02,eva,5,"42,43,44,45,46",0.7216077641591905,0.026767510349925024,0.7171258437042131,0.026745817551460396,0.7071774102823715,0.0249943609874129,0.247735368956743,0.02560610759845107,0.4217604333860401,0.029315631092199503
organamnist,0.02,facility,5,"42,43,44,45,46",0.8609961415899312,0.010013892073866664,0.8606010264095457,0.01022877754234917,0.8551918101023737,0.009663311610254386,0.6588054026865495,0.031116637424829684,0.7113631028054901,0.017445970066615957
organamnist,0.02,forgetting,5,"42,43,44,45,46",0.7623827850617105,0.011823755538082053,0.7572800144784183,0.012664367344104945,0.7433569580380245,0.014066013690827875,0.31802325581395346,0.05141894159874266,0.43586837008031604,0.033979360830147784
organamnist,0.02,fps,5,"42,43,44,45,46",0.8626099591314632,0.013689571570947093,0.8571769217644002,0.012801526017169029,0.8529080886488919,0.014133524329136352,0.5850312148647849,0.04919435068953311,0.6732413529455947,0.035147424476854025
organamnist,0.02,graph_a2,5,"42,43,44,45,46",0.8675400515782451,0.013998830472457167,0.8669205681197546,0.014320842359644741,0.8618404769940375,0.014159602780132993,0.6416666666666666,0.02967039390035582,0.7106517182325517,0.027651073218852525
organamnist,0.02,herding,5,"42,43,44,45,46",0.8765404446380948,0.007575300984608274,0.8758618152679678,0.007345351436080523,0.8725390932613343,0.00640377926277689,0.6639095508609977,0.016864446148942322,0.7253932028289969,0.014644816126452647
organamnist,0.02,random,5,"42,43,44,45,46",0.8632993886599623,0.004286963321617807,0.8620453155532248,0.00437190210915868,0.8611204859939251,0.005252461637709324,0.6623662642759927,0.03520557683444599,0.7203128760869656,0.01018774956004575
organamnist,0.05,el2n,5,"42,43,44,45,46",0.8228564657166172,0.017067991550949065,0.8138293799650236,0.015199225243422912,0.7942175722803465,0.017000953348841014,0.3160852713178295,0.04097015648899829,0.4972126725422138,0.04254437422547058
organamnist,0.05,eva,5,"42,43,44,45,46",0.8533584441718244,0.007281844391827138,0.8459202958138927,0.011487808064788578,0.8339858251771852,0.01324761104615161,0.4517441860465116,0.0304069088096632,0.6041999752746083,0.03769825978654162
organamnist,0.05,facility,5,"42,43,44,45,46",0.9211322780141767,0.0024785575373745105,0.9175292867105755,0.004017898009641891,0.9192935088311396,0.0037538557335393664,0.751937984496124,0.026831638558140292,0.8185896802396253,0.008427229645064043
organamnist,0.05,forgetting,5,"42,43,44,45,46",0.8486653223344969,0.007210818587928305,0.838452884761286,0.0026237790002349793,0.8256721790977612,0.0038306142867445925,0.375968992248062,0.059807313086577454,0.5759512422310696,0.014297208912799822
organamnist,0.05,fps,5,"42,43,44,45,46",0.9195596185790176,0.006388536235378511,0.9139831762212084,0.005993560532957546,0.9161772977837778,0.006104720409047832,0.7423449612403101,0.021318930556482218,0.8024811399787598,0.009791650436736146
organamnist,0.05,graph_a2,5,"42,43,44,45,46",0.9223219249275579,0.0034197441703311187,0.9182420124220347,0.004434308877510681,0.9174485318933513,0.00405143346016053,0.7477713178294574,0.021192482968140053,0.8147893231411449,0.010523686993407985
organamnist,0.05,herding,5,"42,43,44,45,46",0.9199036138782369,0.0051518625165641605,0.9150938523579057,0.006624759864770393,0.9154798065024187,0.007415270373394396,0.7531976744186046,0.029569350577923474,0.8050644760447013,0.020226450070860495
organamnist,0.05,random,5,"42,43,44,45,46",0.9138642422782229,0.00897496602079336,0.9108788406346939,0.01034628148662496,0.9118348520643492,0.010696288558941794,0.7449612403100775,0.03168471300799702,0.7985649799753224,0.02636567464956131
organsmnist,0.02,el2n,5,"42,43,44,45,46",0.41957607143448505,0.013561241858039095,0.4064465857683771,0.01677662819970469,0.38212303160756766,0.020503703106180955,0.10171258376768429,0.01422169636493024,0.19159910910232444,0.009104146326538425
organsmnist,0.02,eva,5,"42,43,44,45,46",0.4851760497833771,0.018136691926088494,0.4755453916772293,0.018875268447938697,0.4893395264529285,0.021332399307252333,0.19453302961275626,0.02726833212144951,0.26829420847124197,0.018674651926257328
organsmnist,0.02,facility,5,"42,43,44,45,46",0.630381112005212,0.016652839769043394,0.6264316240079598,0.01597027399026577,0.6334655035685963,0.01803046968836213,0.3491838023088023,0.023600016559131784,0.39153709779303253,0.013777678699982141
organsmnist,0.02,forgetting,5,"42,43,44,45,46",0.4634281637920906,0.02092066645711689,0.45594687239158876,0.023893197383590983,0.5238926022431177,0.017676243636444173,0.22173215414954425,0.025687326103084888,0.2389467480946749,0.015519343635920542
organsmnist,0.02,fps,5,"42,43,44,45,46",0.5972017831414953,0.023783122706632177,0.5908400037262476,0.025010930973845123,0.6161323212869605,0.030727227691947266,0.32093806240575906,0.04087753257726561,0.3794483184758883,0.017861232007790225
organsmnist,0.02,graph_a2,5,"42,43,44,45,46",0.6235627829484526,0.014199780043149908,0.6198315880541333,0.01487001227366537,0.6372720063441712,0.011254257479806882,0.33147997835497833,0.028044454382952878,0.40689396244616227,0.014214996668350986
organsmnist,0.02,herding,5,"42,43,44,45,46",0.6336474828773888,0.011939879624261856,0.6301521654826291,0.009894132724518303,0.6490993542539935,0.012340574704250856,0.3553436147186147,0.040985473515963884,0.39953103421858566,0.01976328616062034
organsmnist,0.02,random,5,"42,43,44,45,46",0.6211761410641021,0.021879532843057922,0.6175165436852261,0.021228136588539826,0.6440466749745101,0.02375622621904881,0.36098520075451496,0.040039394926751445,0.3942653621393198,0.02965242405367078
organsmnist,0.05,el2n,5,"42,43,44,45,46",0.5301662914666694,0.011015758687783326,0.5284640813315833,0.011080621527033027,0.529466409878781,0.00976178533732284,0.12077438570364855,0.014102291116671165,0.2213748529889995,0.01137873478002925
organsmnist,0.05,eva,5,"42,43,44,45,46",0.6380659232793964,0.012337816916409951,0.6317745322618089,0.008870480336045395,0.6649824402401722,0.0068074204723191,0.33538259805113735,0.023034866840317005,0.36951876754113216,0.014886890923082775
organsmnist,0.05,facility,5,"42,43,44,45,46",0.6890078124017758,0.006984153580527607,0.6859891956561963,0.005820174660502391,0.7230769230769231,0.004694722842595919,0.3890553812604374,0.025962335862107406,0.42415782620074166,0.007410524067349884
organsmnist,0.05,forgetting,5,"42,43,44,45,46",0.5455286039352625,0.00911114716196421,0.5403601431998641,0.009734626819274145,0.6009516256938937,0.0069953409377302425,0.19954441913439636,0.020156557453876026,0.258937606476494,0.00888544976652506
organsmnist,0.05,fps,5,"42,43,44,45,46",0.6750425983120262,0.008661170735232138,0.6727729571955112,0.008541483501949965,0.7017559759827802,0.009637073141306235,0.379444296528579,0.041564364912667566,0.4363501322160398,0.014637373378501744
organsmnist,0.05,graph_a2,5,"42,43,44,45,46",0.6807744705900803,0.0073007314372613855,0.6761712444975738,0.0033665904805818873,0.7128129602356407,0.006827939823407368,0.37123987743499337,0.061684412835239774,0.4268080813589951,0.017911193207128164
organsmnist,0.05,herding,5,"42,43,44,45,46",0.6827849040447753,0.0076867061071228425,0.6784179975659547,0.009012550250545572,0.717775008496658,0.007646950224154671,0.39805641876743203,0.032685213093934684,0.42468468380087615,0.018958049115386802
organsmnist,0.05,random,5,"42,43,44,45,46",0.6705860372302674,0.010112398764773437,0.6661717190496605,0.011263523560257513,0.6994222272572788,0.012080642219968797,0.35254885743211484,0.02616230307098787,0.4162893446661139,0.01202990479287639
pathmnist,0.02,el2n,5,"42,43,44,45,46",0.40297703707631854,0.023904961478400696,0.3636396074905968,0.023077077317695555,0.37721448467966573,0.026823261482409638,0.00023612750885478156,0.0005279971611569751,0.05284860114060156,0.0163429435670155
pathmnist,0.02,eva,5,"42,43,44,45,46",0.6252985791788663,0.046978736217123826,0.5468405804999358,0.055907936809713114,0.5297493036211699,0.047146297134984444,0.11807160619370308,0.06796758111359975,0.2010919805377839,0.05338655124696887
pathmnist,0.02,facility,5,"42,43,44,45,46",0.8241248771704633,0.009139466502171718,0.8109182115566891,0.01786521206168803,0.8557381615598886,0.01902259187689102,0.36294536817102135,0.03997279613864635,0.49745071964319226,0.03365116554636586
pathmnist,0.02,forgetting,5,"42,43,44,45,46",0.4835952518108684,0.028858719410605204,0.4098141165391309,0.044016043230500214,0.40927576601671306,0.04361595788099012,0.030536232808960083,0.06047072602890897,0.09743715806418768,0.023308927837467314
pathmnist,0.02,fps,5,"42,43,44,45,46",0.7667407192974525,0.00656950210423486,0.7459850196896365,0.013747550192939141,0.7764623955431755,0.016215611336249238,0.34441805225653205,0.028255052858361815,0.4380874045066444,0.04524531870546321
pathmnist,0.02,graph_a2,5,"42,43,44,45,46",0.8224248732309742,0.0045735275305558215,0.8128729539107,0.0044560889942616075,0.8539554317548746,0.0016289906982967447,0.33539192399049883,0.021271841498563527,0.4986081241574116,0.02411666155418841
pathmnist,0.02,herding,5,"42,43,44,45,46",0.8279667635485581,0.028059201185412976,0.8159876761708982,0.03735972471853501,0.8672980501392757,0.02700646528261498,0.37434679334916865,0.038979483562434095,0.49471146571707814,0.07929018305715962
pathmnist,0.02,random,5,"42,43,44,45,46",0.8378382247935681,0.015037427531118593,0.8109622654936657,0.01883848777562706,0.8433426183844012,0.01694488749502406,0.41852731591448933,0.03596045770598681,0.5151839491063643,0.045568549680981604
pathmnist,0.05,el2n,5,"42,43,44,45,46",0.5723736335777061,0.033668508435914755,0.5316009450245138,0.02408358758166799,0.5308635097493036,0.01619484329856298,0.00448642266824085,0.008068169805558387,0.1467842741360528,0.007430139186083286
pathmnist,0.05,eva,5,"42,43,44,45,46",0.7075862612700229,0.04249490881400701,0.6796711347245205,0.04273655391077365,0.687966573816156,0.05388240816565908,0.2744555036056055,0.09667909900495117,0.3327013635931899,0.06889747884205208
pathmnist,0.05,facility,5,"42,43,44,45,46",0.8696533754993835,0.020029830939309004,0.863041788326338,0.02112328764118869,0.897883008356546,0.014399524704444461,0.39239904988123514,0.026894403524405065,0.5817676705198251,0.036889239629248914
pathmnist,0.05,forgetting,5,"42,43,44,45,46",0.6477576332294994,0.027406620887469802,0.6108582424393644,0.02604499707749292,0.6011977715877437,0.023395344019746377,0.04415584415584416,0.09807680510476326,0.22139841044950534,0.053762554591911385
pathmnist,0.05,fps,5,"42,43,44,45,46",0.841689857943757,0.013458592827023915,0.8186736130692462,0.015445803255074646,0.852116991643454,0.013214841084597993,0.35391923990498814,0.021377672209026127,0.503047876350485,0.020363475205949746
pathmnist,0.05,graph_a2,5,"42,43,44,45,46",0.8769601189856826,0.008473387883632262,0.8648225807689626,0.010106175083547166,0.9025626740947076,0.00425372906268993,0.40427553444180525,0.018198557063542,0.5896616849439353,0.015841420421702543
pathmnist,0.05,herding,5,"42,43,44,45,46",0.8795255238909544,0.011348263689795184,0.8545004822105967,0.02916415385391243,0.8998607242339833,0.014981373071057399,0.43705463182897863,0.040064436563973876,0.5339258449745228,0.06451308492340176
pathmnist,0.05,random,5,"42,43,44,45,46",0.8842514146185186,0.002764132531351703,0.8691395052095915,0.01852701439801356,0.9063231197771588,0.009619409251586917,0.42992874109263657,0.054502583874507196,0.5844010085117173,0.0438357493412481
tissuemnist,0.02,el2n,5,"42,43,44,45,46",0.14220294691413352,0.006749950707853876,0.128239957655916,0.004576047517303437,0.10189932318104906,0.005290722456477443,0.04920540718760303,0.005397206778441646,0.05803303348298878,0.009171126062789485
tissuemnist,0.02,eva,5,"42,43,44,45,46",0.43098319087685105,0.00973338842173509,0.4002873175355985,0.02343605588951561,0.3572969543147208,0.02290996767466424,0.17305770104497956,0.02904546217569941,0.21622222342061045,0.01963037886579041
tissuemnist,0.02,facility,5,"42,43,44,45,46",0.4637477406609965,0.0060718656934947825,0.4488234668047395,0.014061187725025197,0.467258883248731,0.014043682658686501,0.34620394836670837,0.033521508308465855,0.36021377545354233,0.025023316018642452
tissuemnist,0.02,forgetting,5,"42,43,44,45,46",0.41460570181065054,0.0026785630025873276,0.40139259072834466,0.0049944410544632695,0.3654187817258883,0.011571790348282403,0.3045122269233073,0.012104879680691714,0.3103009652021657,0.01147860851022714
tissuemnist,0.02,fps,5,"42,43,44,45,46",0.3695905666681083,0.010110508784044252,0.3495131181248634,0.011165037866482598,0.3485067681895093,0.017384735673306353,0.2615893998119002,0.026167177220294272,0.2743813467949258,0.017631970716318255
tissuemnist,0.02,graph_a2,5,"42,43,44,45,46",0.4304278097083065,0.009674085379938602,0.38151405751188305,0.04587955234841203,0.3822504230118443,0.048193413337273755,0.2761137119504222,0.0581338242805701,0.29963259276558646,0.05770191875875542
tissuemnist,0.02,herding,5,"42,43,44,45,46",0.4498316317381397,0.010975203938505282,0.4362936111097186,0.01023940769961927,0.4465482233502538,0.015938226607432417,0.3400179293912264,0.009192780653799597,0.35669704250461554,0.008882893530515546
tissuemnist,0.02,random,5,"42,43,44,45,46",0.4460027228483473,0.0058942065395535875,0.42282243411122705,0.02929881823979477,0.42957698815566836,0.038774367815608765,0.28849704274866356,0.0686011217104493,0.3140095528324373,0.0607233839659685
tissuemnist,0.05,el2n,5,"42,43,44,45,46",0.19545342879334812,0.01465144511584055,0.17209306589797685,0.005554685557497864,0.13915397631133672,0.004664422538519559,0.0725444274453261,0.006401018204502583,0.08074160782300013,0.006156467056903878
tissuemnist,0.05,eva,5,"42,43,44,45,46",0.47177958460764563,0.0028915578148175918,0.44397991408025195,0.005350128847887431,0.4080118443316413,0.007510283137075172,0.2750968095460011,0.013840992388320282,0.2867858988054017,0.010491570487457243
tissuemnist,0.05,facility,5,"42,43,44,45,46",0.4831267474850484,0.002836349207438931,0.4447334182017977,0.007546168833514069,0.47269035532994924,0.004805082200263134,0.3084639498432602,0.017045137422899197,0.335402213585906,0.018193891044826833
tissuemnist,0.05,forgetting,5,"42,43,44,45,46",0.4459013706163511,0.0018185813050241343,0.42177195892928665,0.004855540931351793,0.3745642978003384,0.013226094606818147,0.3258631964898701,0.02567357691487928,0.33977312577099744,0.01815759182352061
tissuemnist,0.05,fps,5,"42,43,44,45,46",0.4218222270527694,0.01109816499218972,0.3785964458414214,0.005430103816522164,0.3750761421319797,0.007129437658785209,0.32079125879279274,0.016385237679797236,0.32704645179766567,0.010776967575036702
tissuemnist,0.05,graph_a2,3,"42,43,44",0.48201843774843833,0.005368504713510237,0.44542955898314696,0.00384856187551767,0.4442258883248731,0.006742130724864212,0.36075169218454883,0.012726583585379026,0.36472820770314707,0.012622543054488277
tissuemnist,0.05,herding,5,"42,43,44,45,46",0.4911202411052932,0.00888728009468779,0.45384491920752745,0.00491315822530544,0.4698942470389171,0.008142436859862061,0.35467980295566504,0.013292272350788916,0.3740243290564201,0.011380407070313452
tissuemnist,0.05,random,5,"42,43,44,45,46",0.4935246834080782,0.004931325115012895,0.45616891710669,0.011751316433324034,0.4697208121827411,0.008763489528448005,0.3696372592924317,0.03711924444555371,0.38427484325595945,0.030330760678705368
